Bulbasaur	Grass	Poison	45	49	49	65	65	45	Celebrate	Sludge Bomb	Giga Drain	Hidden Power Fire	0	0	44	160	0	240
Venusaur	Grass	Poison	80	82	83	100	100	80	Leech Seed	Sludge Bomb	Synthesis	Hidden Power Fire	248	0	88	0	156	16
Charmander	Fire	None	39	52	43	60	50	65	Dragon Dance	Flare Blitz	Hidden Power Grass	Thunder Punch	0	180	0	92	0	236
Charizard	Fire	Flying	78	84	78	109	85	100	Dragon Dance	Flare Blitz	Earthquake	Roost	0	252	0	0	4	252
Squirtle	Water	None	44	48	65	50	64	43	Rapid Spin	Fake Out	Waterfall	Aqua Jet	84	52	156	0	84	92
Blastoise	Water	None	79	83	100	85	105	78	Rapid Spin	Dark Pulse	Aura Sphere	Ice Beam	0	0	4	252	0	252
Butterfree	Bug	Flying	60	45	50	90	80	70	Quiver Dance	Sleep Powder	Bug Buzz	Air Slash	0	0	0	252	4	252
Beedrill	Bug	Poison	65	90	40	45	80	75	U-turn	Poison Jab	Drill Run	Knock Off	0	252	0	0	4	252
Pidgey	Normal	Flying	40	45	40	35	35	56	Brave Bird	Return	U-turn	Defog	36	236	0	0	0	228
Pidgeot	Normal	Flying	83	80	75	70	70	101	Hurricane	Heat Wave	U-turn	Roost	0	0	4	252	0	252
Rattata	Normal	None	30	56	35	25	35	72	Double-Edge	Flame Wheel	Sucker Punch	Zen Headbutt	0	232	76	0	0	180
Raticate	Normal	None	55	81	60	50	70	97	Facade	Stomping Tantrum	Sucker Punch	U-turn	0	252	4	0	0	252
Spearow	Normal	Flying	40	60	30	31	31	70	Double-Edge	Drill Peck	Drill Run	U-turn	0	196	36	0	28	196
Fearow	Normal	Flying	65	90	65	61	61	100	Frustration	Drill Peck	Drill Run	U-turn	0	252	4	0	0	252
Ekans	Poison	None	35	60	44	40	54	55	Coil	Gunk Shot	Earthquake	Sucker Punch	156	0	84	0	244	0
Arbok	Poison	None	60	95	69	65	79	80	Coil	Gunk Shot	Earthquake	Sucker Punch	0	252	0	0	4	252
Raichu	Electric	None	60	90	55	90	80	110	Nasty Plot	Thunderbolt	Grass Knot	Focus Blast	0	0	4	252	0	252
Sandshrew	Ground	None	50	75	85	20	30	40	Rapid Spin	Stealth Rock	Earthquake	Knock Off	36	156	76	0	36	196
Sandslash	Ground	None	75	100	110	45	55	65	Earthquake	Knock Off	Rapid Spin	Stealth Rock	252	4	0	0	0	252
Nidoqueen	Poison	Ground	90	92	87	75	85	76	Stealth Rock	Earth Power	Ice Beam	Toxic	0	0	0	252	4	252
Nidoking	Poison	Ground	81	102	77	85	75	85	Sludge Wave	Earth Power	Ice Beam	Substitute	0	0	4	252	0	252
Clefairy	Fairy	None	70	45	48	60	65	35	Calm Mind	Moonblast	Soft-Boiled	Stealth Rock	252	0	4	0	252	0
Clefable	Fairy	None	95	70	73	95	90	60	Moonblast	Soft-Boiled	Stealth Rock	Wish	252	0	252	0	4	0
Ninetales	Fire	None	73	76	75	81	100	100	Nasty Plot	Fire Blast	Solar Beam	Hidden Power Ice	0	0	0	252	4	252
Wigglytuff	Normal	Fairy	140	70	45	85	50	45	Stealth Rock	Hyper Voice	Dazzling Gleam	Fire Blast	4	0	0	252	0	252
Golbat	Poison	Flying	75	80	70	65	75	90	Brave Bird	Toxic	Defog	Roost	252	0	0	0	80	176
Oddish	Grass	Poison	45	50	55	75	65	30	Sleep Powder	Strength Sap	Sludge Bomb	Giga Drain	156	0	236	0	76	36
Vileplume	Grass	Poison	75	80	85	110	90	50	Giga Drain	Sludge Bomb	Strength Sap	Growth	252	0	4	0	252	0
Paras	Bug	Grass	35	70	55	45	55	25	Spore	Knock Off	Seed Bomb	Leech Life	0	116	156	0	156	76
Parasect	Bug	Grass	60	95	80	60	80	30	Spore	Leech Life	Knock Off	Synthesis	248	0	8	0	252	0
Venomoth	Bug	Poison	70	65	60	90	75	90	Quiver Dance	Sleep Powder	Bug Buzz	Sludge Bomb	0	0	0	252	4	252
Diglett	Ground	None	10	55	25	35	45	95	Earthquake	Rock Slide	Sucker Punch	Substitute	36	236	0	0	0	236
Dugtrio	Ground	None	35	100	50	50	70	120	Earthquake	Screech	Substitute	Memento	0	252	4	0	0	252
Meowth	Normal	None	40	45	35	40	40	90	Fake Out	Feint	Water Pulse	Aerial Ace	0	236	0	36	36	196
Persian	Normal	None	65	70	60	65	65	115	Nasty Plot	Hyper Voice	Hidden Power Ghost	Water Pulse	0	0	4	252	0	252
Psyduck	Water	None	50	52	48	65	50	55	Hydro Pump	Psychic	Ice Beam	Hidden Power Fire	0	0	0	240	0	240
Golduck	Water	None	80	82	78	95	80	85	Rain Dance	Hydro Pump	Ice Beam	Hidden Power Grass	0	0	0	252	4	252
Mankey	Fighting	None	40	80	35	35	45	70	Close Combat	Gunk Shot	U-turn	Earthquake	36	196	76	0	0	196
Primeape	Fighting	None	65	105	60	60	70	95	Close Combat	U-turn	Stone Edge	Gunk Shot	0	252	4	0	0	252
Arcanine	Fire	None	90	110	80	100	80	95	Flare Blitz	Wild Charge	Extreme Speed	Morning Sun	0	252	4	0	0	252
Poliwag	Water	None	40	50	40	40	40	90	Belly Drum	Waterfall	Hypnosis	Return	116	196	0	0	0	196
Poliwrath	Water	Fighting	90	95	95	70	90	70	Scald	Focus Blast	Toxic	Protect	252	0	0	160	0	96
Abra	Psychic	None	25	20	15	105	55	90	Psychic	Dazzling Gleam	Counter	Protect	0	0	0	236	76	196
Kadabra	Psychic	None	40	35	30	120	70	105	Psychic	Counter	Taunt	Dazzling Gleam	4	0	0	252	0	252
Alakazam	Psychic	None	55	50	45	135	95	120	Psychic	Focus Blast	Recover	Shadow Ball	0	0	4	252	0	252
Machop	Fighting	None	70	80	50	35	35	35	Dynamic Punch	Knock Off	Poison Jab	Rock Slide	36	196	36	0	0	236
Machamp	Fighting	None	90	130	80	65	85	55	Close Combat	Knock Off	Facade	Bullet Punch	0	252	4	0	0	252
Bellsprout	Grass	Poison	50	75	35	70	30	40	Solar Beam	Sludge Bomb	Weather Ball	Sleep Powder	0	0	76	196	36	196
Victreebel	Grass	Poison	80	105	65	100	70	70	Strength Sap	Leaf Storm	Sludge Bomb	Hidden Power Fighting	0	0	4	252	0	252
Tentacool	Water	Poison	40	40	35	50	100	70	Rapid Spin	Knock Off	Scald	Sludge Bomb	196	0	236	36	0	36
Tentacruel	Water	Poison	80	70	65	80	120	100	Scald	Rapid Spin	Haze	Sludge Bomb	252	0	112	0	0	144
Geodude	Rock	Ground	40	80	100	30	30	20	Stealth Rock	Rock Blast	Earthquake	Sucker Punch	36	196	116	0	36	116
Golem	Rock	Ground	80	120	130	55	65	45	Stealth Rock	Earthquake	Stone Edge	Explosion	0	252	4	0	0	252
Ponyta	Fire	None	50	85	55	65	65	90	Flame Charge	Flare Blitz	High Horsepower	Morning Sun	0	236	76	0	0	196
Rapidash	Fire	None	65	100	70	80	80	105	Flare Blitz	Wild Charge	High Horsepower	Morning Sun	0	252	4	0	0	252
Slowpoke	Water	Psychic	90	65	65	40	40	15	Slack Off	Scald	Psychic	Thunder Wave	116	0	76	116	196	0
Slowbro	Water	Psychic	95	75	110	100	80	30	Scald	Psyshock	Ice Beam	Slack Off	252	0	252	4	0	0
Magnemite	Electric	Steel	25	35	70	95	55	45	Volt Switch	Flash Cannon	Thunderbolt	Hidden Power Fire	0	0	0	240	0	240
Magneton	Electric	Steel	50	60	95	120	70	70	Thunderbolt	Hidden Power Fire	Flash Cannon	Volt Switch	0	0	4	252	0	252
Farfetch'd	Normal	Flying	52	90	55	58	62	60	First Impression	Brave Bird	Leaf Blade	Knock Off	0	252	4	0	0	252
Doduo	Normal	Flying	35	85	45	35	35	75	Brave Bird	Knock Off	Jump Kick	Quick Attack	0	236	0	0	0	236
Dodrio	Normal	Flying	60	110	70	60	60	110	Swords Dance	Brave Bird	Jump Kick	Return	0	252	0	0	4	252
Dewgong	Water	Ice	90	70	80	70	95	70	Whirlpool	Perish Song	Rain Dance	Rest	252	0	4	0	252	0
Grimer	Poison	None	80	80	50	40	50	25	Gunk Shot	Fire Punch	Giga Drain	Thief	36	196	196	36	36	0
Muk	Poison	None	105	105	75	65	100	50	Curse	Poison Jab	Rest	Sleep Talk	252	4	0	0	252	0
Shellder	Water	None	30	65	100	45	25	40	Shell Smash	Icicle Spear	Rock Blast	Liquidation	36	236	36	0	0	196
Cloyster	Water	Ice	50	95	180	85	45	70	Shell Smash	Icicle Spear	Explosion	Hydro Pump	0	252	0	4	0	252
Gastly	Ghost	Poison	30	35	30	100	35	80	Shadow Ball	Sludge Bomb	Hidden Power Fighting	Substitute	0	0	0	200	80	200
Haunter	Ghost	Poison	45	50	45	115	55	95	Shadow Ball	Sludge Bomb	Hidden Power Ground	Destiny Bond	0	0	4	252	0	252
Gengar	Ghost	Poison	60	65	60	130	75	110	Shadow Ball	Sludge Wave	Icy Wind	Taunt	0	0	0	252	4	252
Onix	Rock	Ground	35	45	160	30	45	70	Stealth Rock	Rock Blast	Earthquake	Endure	76	236	0	0	0	196
Drowzee	Psychic	None	60	48	45	43	90	42	Psychic	Counter	Wish	Protect	196	0	236	12	36	20
Hypno	Psychic	None	85	73	70	73	115	67	Hypnosis	Belly Drum	Zen Headbutt	Drain Punch	0	252	0	0	4	252
Krabby	Water	None	30	105	90	25	25	50	Liquidation	Superpower	Knock Off	Body Slam	36	236	36	0	0	196
Kingler	Water	None	55	130	115	50	50	75	Swords Dance	Liquidation	Knock Off	Agility	0	252	0	0	4	252
Voltorb	Electric	None	40	30	50	55	55	100	Reflect	Light Screen	Volt Switch	Taunt	196	0	36	0	76	196
Electrode	Electric	None	60	50	70	80	80	150	Reflect	Light Screen	Taunt	Explosion	252	0	4	0	0	252
Exeggcute	Grass	Psychic	60	40	80	60	45	40	Substitute	Sleep Powder	Giga Drain	Psychic	36	0	200	40	80	120
Exeggutor	Grass	Psychic	95	95	85	125	75	55	Solar Beam	Psyshock	Hidden Power Fire	Sleep Powder	0	0	0	252	4	252
Cubone	Ground	None	50	50	95	40	50	35	Bonemerang	Knock Off	Rock Slide	Fire Punch	0	196	76	0	0	236
Marowak	Ground	None	60	80	110	50	80	45	Earthquake	Stone Edge	Knock Off	Swords Dance	248	252	8	0	0	0
Hitmonlee	Fighting	None	50	120	53	35	110	87	Curse	Close Combat	Knock Off	Stone Edge	0	252	4	0	0	252
Hitmonchan	Fighting	None	50	105	79	35	110	76	Drain Punch	Mach Punch	Thunder Punch	Rapid Spin	244	136	0	0	0	128
Lickitung	Normal	None	90	55	75	60	75	30	Wish	Protect	Body Slam	Knock Off	196	0	76	0	236	0
Koffing	Poison	None	40	65	95	60	45	35	Will-O-Wisp	Pain Split	Sludge Bomb	Fire Blast	36	0	236	0	236	0
Weezing	Poison	None	65	90	120	85	70	60	Sludge Bomb	Will-O-Wisp	Pain Split	Toxic Spikes	252	0	152	0	88	16
Rhyhorn	Ground	Rock	80	85	95	30	30	25	Stealth Rock	Rock Blast	Earthquake	Megahorn	36	156	156	0	116	0
Rhydon	Ground	Rock	105	130	120	45	45	40	Stealth Rock	Earthquake	Rock Blast	Swords Dance	252	16	0	0	240	0
Chansey	Normal	None	250	5	5	35	105	50	Seismic Toss	Toxic	Stealth Rock	Soft-Boiled	248	0	252	0	8	0
Tangela	Grass	None	65	55	115	100	40	60	Giga Drain	Hidden Power Fire	Knock Off	Leech Seed	252	0	252	0	4	0
Kangaskhan	Normal	None	105	95	80	40	80	90	Fake Out	Seismic Toss	Crunch	Body Slam	108	148	0	0	0	252
Horsea	Water	None	30	40	70	70	25	60	Hydro Pump	Ice Beam	Rain Dance	Hidden Power Grass	116	0	0	196	0	196
Goldeen	Water	None	45	67	60	35	50	63	Bounce	Waterfall	Drill Run	Knock Off	0	220	0	0	36	252
Seaking	Water	None	80	92	65	65	80	68	Waterfall	Knock Off	Drill Run	Megahorn	64	252	0	0	0	192
Staryu	Water	None	30	45	55	70	55	85	Hydro Pump	Psychic	Ice Beam	Thunderbolt	0	0	76	196	0	236
Starmie	Water	Psychic	60	75	85	100	85	115	Hydro Pump	Ice Beam	Psyshock	Rapid Spin	0	0	0	252	4	252
Mr. Mime	Psychic	Fairy	40	45	65	100	120	90	Nasty Plot	Dazzling Gleam	Focus Blast	Psyshock	0	0	0	252	4	252
Scyther	Bug	Flying	70	110	80	55	80	105	Swords Dance	Roost	U-turn	Aerial Ace	248	8	0	0	0	252
Jynx	Ice	Psychic	65	50	35	115	95	95	Lovely Kiss	Nasty Plot	Ice Beam	Psyshock	0	0	4	252	0	252
Pinsir	Bug	None	65	125	100	55	70	85	Swords Dance	Return	Earthquake	Quick Attack	0	252	4	0	0	252
Tauros	Normal	None	75	100	95	40	70	110	Body Slam	Fire Blast	Work Up	Earthquake	0	252	0	4	0	252
Magikarp	Water	None	20	10	55	15	20	80	Splash	Flail	Tackle	Bounce	36	196	76	0	0	196
Gyarados	Water	Flying	95	125	79	60	100	81	Dragon Dance	Bounce	Waterfall	Earthquake	0	252	0	0	4	252
Lapras	Water	Ice	130	85	80	85	95	60	Freeze-Dry	Hydro Pump	Ice Beam	Hidden Power Fire	120	0	0	252	0	136
Ditto	Normal	None	48	48	48	48	48	48	Transform	None	None	None	248	8	252	0	0	0
Eevee	Normal	None	55	55	50	45	65	55	Last Resort	Baton Pass	Substitute	Stored Power	212	0	0	92	0	204
Vaporeon	Water	None	130	65	60	110	95	65	Scald	Toxic	Wish	Protect	252	0	252	0	4	0
Jolteon	Electric	None	65	65	60	110	95	130	Thunderbolt	Volt Switch	Hidden Power Ice	Shadow Ball	0	0	0	252	4	252
Flareon	Fire	None	65	130	60	95	110	65	Flare Blitz	Superpower	Return	Quick Attack	0	252	4	0	0	252
Omanyte	Rock	Water	35	40	100	90	55	35	Shell Smash	Hydro Pump	Ice Beam	Earth Power	76	0	0	196	0	236
Omastar	Rock	Water	70	60	125	115	70	55	Shell Smash	Hydro Pump	Ice Beam	Earth Power	0	0	4	252	0	252
Kabuto	Rock	Water	30	80	90	55	45	55	Rapid Spin	Stealth Rock	Knock Off	Rock Slide	116	36	36	0	156	156
Kabutops	Rock	Water	60	115	105	65	70	80	Liquidation	Stone Edge	Knock Off	Rapid Spin	0	252	4	0	0	252
Aerodactyl	Rock	Flying	80	105	65	60	75	130	Stone Edge	Earthquake	Pursuit	Roost	0	252	4	0	0	252
Snorlax	Normal	None	160	110	65	65	110	30	Curse	Frustration	Rest	Earthquake	188	0	128	0	192	0
Articuno	Ice	Flying	90	85	100	95	125	85	Substitute	Roost	Freeze-Dry	Hurricane	0	0	0	252	4	252
Zapdos	Electric	Flying	90	90	85	125	90	100	Discharge	Roost	Heat Wave	Defog	248	0	240	0	0	20
Moltres	Fire	Flying	90	100	90	125	85	90	Hurricane	Fire Blast	Roost	U-turn	0	0	0	252	4	252
Dratini	Dragon	None	41	64	45	50	50	50	Draco Meteor	Extreme Speed	Iron Tail	Fire Blast	0	164	0	196	0	116
Dragonite	Dragon	Flying	91	134	95	100	100	80	Dragon Dance	Fly	Earthquake	Extreme Speed	0	252	4	0	0	252
Mewtwo	Psychic	None	106	110	90	154	90	130	Psystrike	Ice Beam	Fire Blast	Focus Blast	0	0	40	216	0	252
Mew	Psychic	None	100	100	100	100	100	100	Earthquake	Will-O-Wisp	Soft-Boiled	Stealth Rock	240	0	52	0	0	216
Chikorita	Grass	None	45	49	65	49	65	45	Giga Drain	Hidden Power Fire	Synthesis	Aromatherapy	156	0	156	48	76	0
Meganium	Grass	None	80	82	100	83	100	80	Aromatherapy	Giga Drain	Synthesis	Dragon Tail	252	0	4	0	252	0
Cyndaquil	Fire	None	39	52	43	60	50	65	Eruption	Hidden Power Grass	Fire Blast	Extrasensory	44	0	12	200	0	236
Typhlosion	Fire	None	78	84	78	109	85	100	Eruption	Flamethrower	Focus Blast	Hidden Power Grass	0	0	0	252	4	252
Totodile	Water	None	50	65	64	44	48	43	Dragon Dance	Waterfall	Ice Punch	Superpower	0	236	4	0	0	252
Feraligatr	Water	None	85	105	100	79	83	78	Dragon Dance	Liquidation	Ice Punch	Crunch	0	252	4	0	0	252
Furret	Normal	None	85	76	64	45	55	90	Trick	Double-Edge	U-turn	Knock Off	0	252	0	0	4	252
Hoothoot	Normal	Flying	60	30	30	36	56	50	Hypnosis	Roost	Air Slash	Reflect	196	0	36	0	228	36
Noctowl	Normal	Flying	100	50	50	86	96	70	Agility	Work Up	Hurricane	Roost	0	0	0	252	4	252
Ledyba	Bug	Flying	40	20	30	40	80	55	Baton Pass	Substitute	Swords Dance	Encore	196	36	116	0	0	156
Ledian	Bug	Flying	55	35	50	55	110	85	Power-Up Punch	Drain Punch	Ice Punch	Thunder Punch	0	252	0	0	4	252
Spinarak	Bug	Poison	40	60	40	40	40	30	Sticky Web	Leech Life	Poison Jab	Toxic Spikes	196	0	196	0	116	0
Ariados	Bug	Poison	70	90	70	60	70	40	Sticky Web	Toxic Spikes	Megahorn	Toxic Thread	0	252	4	0	0	252
Crobat	Poison	Flying	85	90	80	70	80	130	Brave Bird	U-turn	Roost	Taunt	0	252	4	0	0	252
Chinchou	Water	Electric	75	38	38	56	56	67	Scald	Volt Switch	Ice Beam	Thunder Wave	76	0	212	152	0	60
Lanturn	Water	Electric	125	58	58	76	76	67	Scald	Volt Switch	Ice Beam	Hidden Power Grass	0	0	0	172	136	200
Pichu	Electric	None	20	40	15	35	35	60	Fake Out	Volt Tackle	Volt Switch	Encore	36	196	0	76	0	196
Cleffa	Fairy	None	50	25	28	45	55	15	Counter	Endeavor	Thunder Wave	Encore	196	0	0	76	0	236
Igglybuff	Normal	Fairy	90	30	15	40	20	15	Wish	Protect	Hyper Voice	Fire Blast	196	0	0	116	196	0
Togepi	Fairy	None	35	20	65	40	65	20	Nasty Plot	Baton Pass	Dazzling Gleam	Fire Blast	236	0	156	0	76	36
Natu	Psychic	Flying	40	50	45	70	45	70	Psychic	Heat Wave	U-turn	Roost	0	116	0	196	0	196
Xatu	Psychic	Flying	65	75	70	95	70	95	Night Shade	Roost	U-turn	Toxic	252	0	196	0	0	60
Mareep	Electric	None	55	40	40	65	45	35	Reflect	Light Screen	Heal Bell	Thunderbolt	0	0	196	76	236	0
Ampharos	Electric	None	90	75	85	115	90	55	Volt Switch	Dragon Pulse	Focus Blast	Thunderbolt	4	0	0	252	0	252
Bellossom	Grass	None	75	80	95	90	100	50	Strength Sap	Quiver Dance	Giga Drain	Safeguard	248	0	8	0	0	252
Azumarill	Water	Fairy	100	50	80	60	80	50	Belly Drum	Aqua Jet	Play Rough	Knock Off	4	252	0	0	0	252
Sudowoodo	Rock	None	70	100	115	30	65	30	Head Smash	Earthquake	Sucker Punch	Wood Hammer	0	252	4	0	0	252
Politoed	Water	None	90	75	75	90	100	70	Protect	Scald	Toxic	Rest	248	0	0	0	252	8
Hoppip	Grass	Flying	35	35	40	35	55	50	Strength Sap	Sleep Powder	Bullet Seed	U-turn	156	0	196	0	156	0
Jumpluff	Grass	Flying	75	55	70	55	95	110	Swords Dance	Strength Sap	Sleep Powder	Acrobatics	0	252	4	0	0	252
Sunflora	Grass	None	75	75	55	105	85	30	Solar Beam	Earth Power	Sludge Bomb	Giga Drain	92	0	0	252	0	164
Wooper	Water	Ground	55	45	45	25	25	15	Scald	Recover	Earthquake	Yawn	76	0	236	0	156	0
Quagsire	Water	Ground	95	85	85	65	65	35	Earthquake	Waterfall	Recover	Curse	252	4	252	0	0	0
Espeon	Psychic	None	65	65	60	130	95	110	Calm Mind	Psychic	Shadow Ball	Morning Sun	0	0	4	252	0	252
Umbreon	Dark	None	95	65	110	60	130	65	Wish	Protect	Heal Bell	Foul Play	252	0	4	0	252	0
Slowking	Water	Psychic	95	75	80	100	110	30	Scald	Future Sight	Fire Blast	Dragon Tail	212	0	0	252	0	44
Misdreavus	Ghost	None	60	60	60	85	85	85	Hex	Will-O-Wisp	Taunt	Pain Split	252	0	4	0	0	252
Unown	Psychic	None	48	72	48	72	48	48	Hidden Power Psychic	0	0	0	252	4	252
Wobbuffet	Psychic	None	190	33	58	33	58	33	Encore	Counter	Mirror Coat	Destiny Bond	252	0	4	0	252	0
Girafarig	Normal	Psychic	70	80	65	90	65	85	Return	Psychic Fangs	Earthquake	Trick	0	252	4	0	0	252
Pineco	Bug	None	50	65	90	35	35	15	Stealth Rock	Spikes	Rapid Spin	Explosion	0	236	36	0	0	236
Forretress	Bug	Steel	75	90	140	60	60	40	Gyro Ball	Spikes	Volt Switch	Rapid Spin	252	0	252	0	4	0
Dunsparce	Normal	None	100	70	70	65	65	45	Glare	Headbutt	Roost	Coil	252	36	0	0	0	220
Gligar	Ground	Flying	65	75	105	35	65	85	Earthquake	Roost	Defog	U-turn	252	0	156	0	100	0
Steelix	Steel	Ground	75	85	200	55	65	30	Stealth Rock	Gyro Ball	Earthquake	Curse	252	208	0	0	48	0
Snubbull	Fairy	None	60	80	50	40	40	30	Play Rough	Fire Punch	Thief	Earthquake	36	116	116	0	196	36
Granbull	Fairy	None	90	120	75	60	60	45	Heal Bell	Thunder Wave	Play Rough	Earthquake	252	252	4	0	0	0
Qwilfish	Water	Poison	65	95	85	55	55	85	Spikes	Scald	Taunt	Toxic Spikes	252	0	4	0	0	252
Scizor	Bug	Steel	70	130	100	55	80	65	Swords Dance	Bullet Punch	Roost	Knock Off	248	0	16	0	244	0
Shuckle	Bug	Rock	20	10	230	10	230	5	Sticky Web	Stealth Rock	Encore	Toxic	248	0	8	0	252	0
Heracross	Bug	Fighting	80	125	75	40	95	85	Swords Dance	Close Combat	Rock Blast	Pin Missile	0	252	0	0	4	252
Sneasel	Dark	Ice	55	95	55	35	75	115	Knock Off	Icicle Crash	Ice Shard	Pursuit	0	252	4	0	0	252
Teddiursa	Normal	None	60	80	50	50	50	40	Facade	Crunch	Close Combat	Protect	36	196	36	0	36	196
Ursaring	Normal	None	90	130	75	75	75	55	Swords Dance	Facade	Crunch	Close Combat	252	252	0	0	4	0
Slugma	Fire	None	40	40	40	70	40	20	Lava Plume	Clear Smog	Memento	Will-O-Wisp	36	0	196	116	116	36
Magcargo	Fire	Rock	60	50	120	90	80	30	Recover	Stealth Rock	Toxic	Lava Plume	248	0	8	0	252	0
Swinub	Ice	Ground	50	50	40	30	30	50	Stealth Rock	Earthquake	Ice Shard	Endeavor	116	196	0	0	0	196
Piloswine	Ice	Ground	100	100	80	60	60	50	Stealth Rock	Earthquake	Ice Shard	Icicle Crash	252	252	4	0	0	0
Corsola	Water	Rock	65	55	95	65	95	35	Stealth Rock	Recover	Scald	Toxic	252	0	252	0	4	0
Remoraid	Water	None	35	65	35	65	35	65	Water Spout	Hydro Pump	Fire Blast	Bullet Seed	0	0	0	236	0	236
Octillery	Water	None	75	105	75	105	75	45	Hydro Pump	Fire Blast	Ice Beam	Energy Ball	252	0	0	252	4	0
Delibird	Ice	Flying	45	55	45	65	45	75	Spikes	Rapid Spin	Icy Wind	Destiny Bond	0	0	0	252	4	252
Mantine	Water	Flying	85	40	70	80	140	70	Roost	Defog	Scald	Air Slash	252	0	0	0	120	136
Skarmory	Steel	Flying	65	80	140	40	70	70	Roost	Defog	Spikes	Counter	248	0	252	0	8	0
Houndour	Dark	Fire	45	60	30	80	50	65	Fire Blast	Dark Pulse	Sucker Punch	Flame Charge	0	36	36	196	0	236
Houndoom	Dark	Fire	75	90	50	110	80	95	Nasty Plot	Fire Blast	Dark Pulse	Sludge Bomb	0	0	0	252	4	252
Kingdra	Water	Dragon	75	95	95	95	95	85	Hydro Pump	Surf	Draco Meteor	Ice Beam	4	0	0	252	0	252
Phanpy	Ground	None	90	60	60	40	40	40	Stealth Rock	Earthquake	Knock Off	Ice Shard	116	116	116	0	116	36
Donphan	Ground	None	90	120	120	60	60	50	Rapid Spin	Earthquake	Knock Off	Ice Shard	252	252	0	0	0	4
Porygon2	Normal	None	85	80	90	105	95	60	Recover	Thunder Wave	Ice Beam	Foul Play	252	0	104	0	152	0
Stantler	Normal	None	73	95	62	85	65	85	Double-Edge	Sucker Punch	Jump Kick	Signal Beam	0	252	0	4	0	252
Smeargle	Normal	None	55	20	35	20	45	75	Sticky Web	Nuzzle	Taunt	Whirlwind	252	0	4	0	0	252
Hitmontop	Fighting	None	50	95	95	35	110	70	Rapid Spin	Foresight	Close Combat	Toxic	252	0	252	0	4	0
Smoochum	Ice	Psychic	45	30	15	85	65	65	Blizzard	Psychic	Hidden Power Fighting	Substitute	0	0	0	240	0	240
Elekid	Electric	None	45	63	37	65	55	95	Volt Switch	Thunderbolt	Psychic	Hidden Power Grass	0	0	0	240	0	236
Magby	Fire	None	45	75	37	70	55	83	Belly Drum	Fire Punch	Mach Punch	Return	0	236	0	0	0	252
Miltank	Normal	None	95	80	105	40	70	100	Stealth Rock	Seismic Toss	Milk Drink	Toxic	252	0	0	0	236	20
Blissey	Normal	None	255	10	10	75	135	55	Seismic Toss	Toxic	Soft-Boiled	Heal Bell	252	0	252	0	4	0
Raikou	Electric	None	90	85	75	115	100	115	Substitute	Calm Mind	Thunderbolt	Hidden Power Ice	0	0	0	252	4	252
Entei	Fire	None	115	115	85	90	75	100	Sacred Fire	Extreme Speed	Stone Edge	Flare Blitz	0	252	0	0	4	252
Suicune	Water	None	100	75	115	90	115	85	Calm Mind	Protect	Scald	Substitute	252	0	0	0	40	216
Larvitar	Rock	Ground	50	64	50	45	50	41	Dragon Dance	Earthquake	Rock Slide	Superpower	0	244	36	0	36	188
Tyranitar	Rock	Dark	100	134	110	95	100	61	Stealth Rock	Pursuit	Stone Edge	Fire Punch	168	252	0	0	0	88
Lugia	Psychic	Flying	106	90	130	90	154	110	Roost	Toxic	Whirlwind	Psychic	252	0	160	0	0	96
Ho-oh	Fire	Flying	106	130	90	110	154	90	Sacred Fire	Recover	Toxic	Defog	252	0	204	0	52	0
Celebi	Psychic	Grass	100	100	100	100	100	100	Nasty Plot	Psychic	Giga Drain	Dazzling Gleam	0	0	0	252	4	252
Treecko	Grass	None	40	45	35	65	55	70	Swords Dance	Bullet Seed	Drain Punch	Acrobatics	116	156	156	0	0	36
Sceptile	Grass	None	70	85	65	105	85	120	Leaf Storm	Giga Drain	Focus Blast	Hidden Power Ice	0	0	4	252	0	252
Combusken	Fire	Fighting	60	85	60	85	60	55	Fire Blast	Focus Blast	Hidden Power Electric	Protect	0	0	4	252	0	252
Blaziken	Fire	Fighting	80	120	70	110	70	80	Swords Dance	Flare Blitz	Low Kick	Stone Edge	0	252	4	0	0	252
Mudkip	Water	None	50	70	50	50	50	40	Waterfall	Ice Beam	Superpower	Double-Edge	0	196	116	0	196	0
Swampert	Water	Ground	100	110	90	85	90	60	Waterfall	Earthquake	Ice Punch	Stealth Rock	0	252	4	0	0	252
Poochyena	Dark	None	35	55	35	30	30	35	Howl	Crunch	Play Rough	Fire Fang	0	236	0	0	36	236
Mightyena	Dark	None	70	90	70	60	60	70	Crunch	Sucker Punch	Play Rough	Iron Tail	0	252	0	0	4	252
Zigzagoon	Normal	None	38	30	41	30	41	60	Belly Drum	Extreme Speed	Thief	Seed Bomb	132	196	108	0	28	36
Linoone	Normal	None	78	70	61	50	61	100	Belly Drum	Extreme Speed	Stomping Tantrum	Seed Bomb	148	252	0	0	0	108
Beautifly	Bug	Flying	60	70	50	100	50	65	Quiver Dance	Bug Buzz	Hidden Power Fighting	Roost	0	0	0	252	4	252
Dustox	Bug	Poison	60	50	70	50	90	65	Quiver Dance	Iron Defense	Bug Buzz	Roost	248	0	120	0	0	140
Lotad	Water	Grass	40	30	30	40	50	30	Surf	Giga Drain	Ice Beam	Rain Dance	0	0	116	196	0	196
Ludicolo	Water	Grass	80	70	70	90	100	70	Rain Dance	Hydro Pump	Giga Drain	Ice Beam	0	0	0	252	4	252
Seedot	Grass	None	40	40	50	30	30	30	Growth	Solar Beam	Hidden Power Fire	Explosion	0	40	36	200	0	200
Shiftry	Grass	Dark	90	100	60	90	60	80	Knock Off	Sucker Punch	Leaf Storm	Defog	0	252	0	4	0	252
Taillow	Normal	Flying	40	55	30	30	30	85	Boomburst	Heat Wave	Hidden Power Grass	Brave Bird	0	0	36	200	36	236
Swellow	Normal	Flying	60	85	60	75	50	125	Boomburst	U-turn	Heat Wave	Air Slash	0	0	4	252	0	252
Pelipper	Water	Flying	60	50	100	95	70	65	Scald	U-turn	Roost	Defog	248	0	36	0	224	0
Ralts	Psychic	Fairy	28	25	25	45	35	40	Psychic	Dazzling Gleam	Thunderbolt	Memento	52	0	0	236	0	196
Gardevoir	Psychic	Fairy	68	65	65	125	115	80	Psyshock	Moonblast	Will-O-Wisp	Healing Wish	0	0	4	252	0	252
Surskit	Bug	Water	40	30	32	50	52	65	Sticky Web	Hydro Pump	Giga Drain	Haze	36	0	20	196	20	236
Masquerain	Bug	Flying	70	60	62	100	82	80	Sticky Web	Quiver Dance	Bug Buzz	Hydro Pump	0	0	0	252	4	252
Shroomish	Grass	None	60	40	60	40	60	35	Spore	Bullet Seed	Drain Punch	Synthesis	36	36	196	0	116	76
Breloom	Grass	Fighting	60	130	80	60	60	70	Swords Dance	Mach Punch	Bullet Seed	Spore	0	252	4	0	0	252
Vigoroth	Normal	None	80	80	80	55	55	90	Bulk Up	Facade	Slack Off	Taunt	252	0	0	0	164	92
Slaking	Normal	None	150	160	100	95	65	100	Return	Pursuit	Earthquake	Fire Blast	0	252	0	4	0	252
Nincada	Bug	Ground	31	45	90	30	30	40	Final Gambit	Leech Life	Giga Drain	Toxic	188	76	36	0	0	196
Ninjask	Bug	Flying	61	90	45	50	50	160	Swords Dance	Leech Life	Dig	Aerial Ace	0	252	4	0	0	252
Shedinja	Bug	Ghost	1	90	45	30	30	40	Swords Dance	X-Scissor	Shadow Sneak	Will-O-Wisp	0	252	0	0	4	252
Whismur	Normal	None	64	51	23	51	23	28	Hyper Voice	Shadow Ball	Ice Beam	Fire Blast	244	0	36	188	36	0
Exploud	Normal	None	104	91	63	91	73	68	Boomburst	Focus Blast	Fire Blast	Surf	0	0	4	252	0	252
Makuhita	Fighting	None	72	60	30	20	30	25	Belly Drum	Close Combat	Knock Off	Bullet Punch	20	196	36	0	0	236
Hariyama	Fighting	None	144	120	60	40	60	50	Close Combat	Knock Off	Heavy Slam	Stone Edge	0	252	4	0	252	0
Azurill	Normal	Fairy	50	20	40	20	40	20	Double-Edge	Knock Off	Waterfall	Return	196	196	116	0	0	0
Nosepass	Rock	None	30	45	135	45	90	30	Stealth Rock	Rock Blast	Thunder Wave	Volt Switch	0	76	236	0	196	0
Skitty	Normal	None	50	45	45	35	35	50	Fake Out	Sucker Punch	Double-Edge	Thunder Wave	0	236	0	0	76	196
Delcatty	Normal	None	70	65	65	55	55	90	Fake Out	Sucker Punch	Return	Thunder Wave	0	252	4	0	0	252
Sableye	Dark	Ghost	50	75	75	65	65	50	Taunt	Will-O-Wisp	Recover	Knock Off	248	0	252	0	8	0
Mawile	Steel	Fairy	50	85	85	55	55	50	Swords Dance	Play Rough	Sucker Punch	Knock Off	92	252	0	0	0	164
Aron	Steel	Rock	50	70	100	40	40	30	Rock Polish	Head Smash	Heavy Slam	Earthquake	0	196	0	0	116	196
Aggron	Steel	Rock	70	110	180	60	60	50	Stealth Rock	Heavy Slam	Earthquake	Toxic	252	0	4	0	252	0
Medicham	Fighting	Psychic	60	60	75	60	75	80	Fake Out	High Jump Kick	Ice Punch	Zen Headbutt	0	252	4	0	0	252
Electrike	Electric	None	40	45	40	65	40	65	Volt Switch	Thunderbolt	Flamethrower	Switcheroo	0	0	0	240	0	236
Manectric	Electric	None	70	75	60	105	60	105	Volt Switch	Overheat	Thunderbolt	Hidden Power Ice	0	0	4	252	0	252
Plusle	Electric	None	60	50	40	85	75	95	Nasty Plot	Thunderbolt	Hidden Power Ice	Substitute	0	0	0	252	4	252
Minun	Electric	None	60	40	50	75	85	95	Nasty Plot	Thunderbolt	Hidden Power Ice	Substitute	0	0	0	252	4	252
Volbeat	Bug	None	65	73	75	47	85	85	Sunny Day	U-turn	Thunder Wave	Encore	252	4	252	0	0	0
Illumise	Bug	None	65	47	75	73	85	85	Sunny Day	U-turn	Thunder Wave	Encore	252	4	252	0	0	0
Roselia	Grass	Poison	50	60	45	100	80	65	Spikes	Synthesis	Sludge Bomb	Giga Drain	248	0	0	0	236	24
Swalot	Poison	None	100	73	83	73	83	55	Sludge Bomb	Giga Drain	Ice Beam	Earthquake	248	0	0	200	60	0
Carvanha	Water	Dark	45	90	20	65	20	65	Waterfall	Crunch	Psychic Fangs	Protect	0	196	36	0	36	236
Sharpedo	Water	Dark	70	120	40	95	40	95	Crunch	Ice Fang	Psychic Fangs	Protect	4	252	0	0	0	252
Wailmer	Water	None	130	70	35	70	35	60	Water Spout	Hydro Pump	Ice Beam	Hidden Power Fire	36	0	0	200	0	200
Wailord	Water	None	170	90	45	90	45	60	Substitute	Aqua Ring	Protect	Block	0	0	252	4	252	0
Numel	Fire	Ground	60	60	40	65	45	35	Flame Charge	Fire Blast	Earth Power	Growth	36	0	0	236	0	236
Camerupt	Fire	Ground	70	100	70	105	75	40	Fire Blast	Earth Power	Nature Power	Stealth Rock	128	0	0	252	0	128
Torkoal	Fire	None	70	85	140	85	70	20	Stealth Rock	Lava Plume	Explosion	Toxic	248	0	252	0	8	0
Grumpig	Psychic	None	80	45	65	90	110	80	Psychic	Focus Blast	Shadow Ball	Calm Mind	80	0	0	252	0	176
Spinda	Normal	None	60	60	60	60	60	60	Trick Room	Superpower	Return	Sucker Punch	252	252	4	0	0	0
Trapinch	Ground	None	45	100	45	45	45	10	Earthquake	Rock Slide	Feint	Giga Drain	156	36	236	0	76	0
Flygon	Ground	Dragon	80	100	80	80	80	100	Dragon Dance	Earthquake	Outrage	Iron Tail	0	252	0	0	4	252
Cacnea	Grass	None	50	85	40	85	40	35	Swords Dance	Sucker Punch	Seed Bomb	Drain Punch	0	236	116	0	0	156
Cacturne	Grass	Dark	70	115	60	115	60	55	Spikes	Dark Pulse	Sucker Punch	Energy Ball	0	4	0	252	0	252
Altaria	Dragon	Flying	75	70	90	70	105	80	Dragon Dance	Return	Earthquake	Roost	72	252	0	0	0	184
Zangoose	Normal	None	73	115	60	60	60	90	Facade	Knock Off	Close Combat	Quick Attack	0	252	4	0	0	252
Seviper	Poison	None	73	100	60	100	60	65	Sludge Wave	Giga Drain	Earthquake	Sucker Punch	8	56	0	224	0	220
Lunatone	Rock	Psychic	90	55	65	95	85	70	Psychic	Power Gem	Earth Power	Rock Polish	0	0	0	252	4	252
Solrock	Rock	Psychic	90	95	85	55	65	70	Stealth Rock	Rock Slide	Will-O-Wisp	Morning Sun	252	4	252	0	0	0
Barboach	Water	Ground	50	48	43	46	41	60	Dragon Dance	Earthquake	Waterfall	Bounce	36	212	12	0	28	196
Whiscash	Water	Ground	110	78	73	76	71	60	Dragon Dance	Waterfall	Earthquake	Bounce	4	252	0	0	0	252
Corphish	Water	None	43	80	65	50	35	35	Crabhammer	Aqua Jet	Knock Off	Swords Dance	0	196	76	0	0	236
Crawdaunt	Water	Dark	63	120	85	90	55	55	Swords Dance	Crabhammer	Knock Off	Aqua Jet	4	252	0	0	0	252
Baltoy	Ground	Psychic	40	40	55	40	70	55	Rapid Spin	Stealth Rock	Earth Power	Psychic	36	0	236	36	196	0
Claydol	Ground	Psychic	60	70	105	70	120	75	Rapid Spin	Toxic	Psychic	Earth Power	252	0	120	0	0	136
Lileep	Rock	Grass	66	41	77	61	87	23	Recover	Giga Drain	Stealth Rock	Ancient Power	68	0	220	108	60	12
Cradily	Rock	Grass	86	81	97	81	107	43	Stealth Rock	Recover	Toxic	Rock Slide	252	0	4	0	252	0
Anorith	Rock	Bug	45	95	50	40	50	75	Stealth Rock	Rapid Spin	Knock Off	Rock Blast	0	236	36	0	0	236
Armaldo	Rock	Bug	75	125	100	70	80	45	Rapid Spin	Stone Edge	Knock Off	Earthquake	252	92	0	0	0	164
Milotic	Water	None	95	60	79	100	125	81	Scald	Recover	Haze	Refresh	252	0	252	0	4	0
Castform	Normal	None	70	70	70	70	70	70	Rain Dance	Hydro Pump	Ice Beam	Thunder	0	0	0	252	4	252
Kecleon	Normal	None	60	90	70	60	120	40	Knock Off	Drain Punch	Shadow Sneak	Sucker Punch	172	252	0	0	0	84
Shuppet	Ghost	None	44	75	35	63	33	45	Trick Room	Knock Off	Shadow Sneak	Destiny Bond	4	236	156	0	92	0
Banette	Ghost	None	64	115	65	83	63	65	Destiny Bond	Shadow Claw	Gunk Shot	Taunt	40	252	0	0	0	216
Duskull	Ghost	None	20	40	90	30	90	25	Pain Split	Will-O-Wisp	Substitute	Shadow Sneak	196	0	196	0	116	0
Tropius	Grass	Flying	99	68	83	72	87	51	Leech Seed	Substitute	Air Slash	Protect	248	0	252	0	8	0
Chimecho	Psychic	None	75	50	80	95	90	65	Healing Wish	Recover	Psychic	Thunder Wave	252	0	4	0	252	0
Absol	Dark	None	65	130	60	75	60	75	Swords Dance	Knock Off	Sucker Punch	Superpower	0	252	4	0	0	252
Wynaut	Psychic	None	95	23	48	23	48	23	Counter	Mirror Coat	Encore	Tickle	156	0	132	0	132	12
Snorunt	Ice	None	50	50	50	50	50	50	Spikes	Frost Breath	Shadow Ball	Hidden Power Fighting	40	0	36	200	0	200
Glalie	Ice	None	80	80	80	80	80	80	Spikes	Double-Edge	Earthquake	Explosion	0	252	0	0	4	252
Spheal	Ice	Water	70	40	50	55	50	25	Yawn	Ice Beam	Surf	Hidden Power Grass	36	0	36	240	36	156
Walrein	Ice	Water	110	80	90	95	90	65	Roar	Toxic	Surf	Protect	248	0	8	0	252	0
Clamperl	Water	None	35	64	85	74	55	32	Shell Smash	Surf	Ice Beam	Hidden Power Grass	76	0	0	248	0	184
Huntail	Water	None	55	104	105	94	75	52	Shell Smash	Waterfall	Sucker Punch	Ice Beam	0	252	0	4	0	252
Gorebyss	Water	None	55	84	105	114	75	52	Shell Smash	Hydro Pump	Ice Beam	Hidden Power Grass	0	0	4	252	0	252
Relicanth	Water	Rock	100	90	130	45	65	55	Head Smash	Waterfall	Earthquake	Zen Headbutt	0	252	4	0	0	252
Luvdisc	Water	None	43	30	55	40	65	97	Hydro Pump	Ice Beam	Hidden Power Grass	Rain Dance	0	0	0	252	4	252
Bagon	Dragon	None	45	75	60	40	30	50	Dragon Dance	Outrage	Zen Headbutt	Fire Fang	0	236	76	0	0	196
Salamence	Dragon	Flying	95	135	80	110	80	100	Dragon Dance	Double-Edge	Roost	Facade	44	252	0	0	0	212
Metang	Steel	Psychic	60	75	100	55	80	50	Stealth Rock	Meteor Mash	Earthquake	Toxic	252	176	80	0	0	0
Metagross	Steel	Psychic	80	135	130	95	90	70	Meteor Mash	Ice Punch	Rock Slide	Bullet Punch	232	56	0	0	40	176
Regirock	Rock	None	80	100	200	50	100	50	Stealth Rock	Rock Slide	Earthquake	Toxic	252	0	180	0	76	0
Regice	Ice	None	80	50	100	100	200	50	Rock Polish	Ice Beam	Focus Blast	Thunderbolt	0	0	0	252	4	252
Registeel	Steel	None	80	75	150	75	150	50	Seismic Toss	Toxic	Stealth Rock	Protect	252	0	4	0	252	0
Latias	Dragon	Psychic	80	80	90	110	130	110	Calm Mind	Draco Meteor	Psyshock	Roost	0	0	0	252	4	252
Latios	Dragon	Psychic	80	90	80	130	110	110	Psychic	Earthquake	Ice Beam	Recover	0	4	0	252	0	252
Kyogre	Water	None	100	100	90	150	140	90	Liquidation	Earthquake	Ice Beam	Thunder	0	252	4	0	0	252
Groudon	Ground	None	100	150	140	100	90	90	Stealth Rock	Swords Dance	Precipice Blades	Rock Tomb	144	156	0	0	56	152
Rayquaza	Dragon	Flying	105	150	90	150	90	95	Dragon Dance	Dragon Ascent	Earthquake	Extreme Speed	0	252	0	0	4	252
Jirachi	Steel	Psychic	100	100	100	100	100	100	Iron Head	U-turn	Healing Wish	Fire Punch	0	252	0	0	4	252
Deoxys	Psychic	None	50	150	50	150	50	150	Psycho Boost	Taunt	Pursuit	Spikes	0	228	120	0	48	112
Turtwig	Grass	None	55	68	64	45	55	31	Stealth Rock	Synthesis	Bullet Seed	Superpower	76	52	244	0	76	28
Torterra	Grass	Ground	95	109	105	75	85	56	Stealth Rock	Wood Hammer	Earthquake	Synthesis	248	56	68	0	136	0
Chimchar	Fire	None	44	58	44	58	44	61	Fake Out	Overheat	Hidden Power Grass	Stealth Rock	4	56	4	216	4	188
Infernape	Fire	Fighting	76	104	71	104	71	108	Nasty Plot	Fire Blast	Focus Blast	Vacuum Wave	0	0	4	252	0	252
Piplup	Water	None	53	51	53	61	56	40	Stealth Rock	Defog	Scald	Ice Beam	92	0	252	0	148	0
Empoleon	Water	Steel	84	86	88	111	101	60	Scald	Defog	Toxic	Protect	252	0	76	0	180	0
Starly	Normal	Flying	40	55	30	30	30	60	Brave Bird	Double-Edge	U-turn	Heat Wave	36	236	0	36	0	196
Staraptor	Normal	Flying	85	120	70	50	60	100	Brave Bird	Double-Edge	U-turn	Close Combat	0	252	4	0	0	252
Bidoof	Normal	None	59	45	40	35	40	31	Swords Dance	Return	Quick Attack	Crunch	0	236	116	0	116	28
Bibarel	Normal	Water	79	85	60	55	60	71	Swords Dance	Return	Waterfall	Aqua Jet	0	252	4	0	0	252
Kricketune	Bug	None	77	85	51	55	51	65	Sticky Web	Endeavor	Taunt	Bug Bite	0	252	0	0	4	252
Shinx	Electric	None	45	65	34	40	34	45	Volt Switch	Wild Charge	Thief	Fire Fang	76	76	244	36	4	0
Luxray	Electric	None	80	120	79	95	79	70	Wild Charge	Facade	Superpower	Volt Switch	0	252	0	0	4	252
Budew	Grass	Poison	40	30	35	50	70	55	Spikes	Sleep Powder	Synthesis	Giga Drain	36	0	236	40	196	0
Roserade	Grass	Poison	60	70	65	125	105	90	Spikes	Leaf Storm	Sludge Bomb	Hidden Power Fire	0	0	0	252	4	252
Cranidos	Rock	None	67	125	40	30	30	58	Rock Slide	Zen Headbutt	Superpower	Earthquake	0	236	36	0	0	212
Rampardos	Rock	None	97	165	60	65	50	58	Head Smash	Rock Slide	Superpower	Zen Headbutt	0	252	0	0	4	252
Shieldon	Rock	Steel	30	42	118	42	88	30	Metal Burst	Stealth Rock	Rock Blast	Endure	116	100	52	0	212	0
Bastiodon	Rock	Steel	60	52	168	47	138	30	Stealth Rock	Rock Slide	Metal Burst	Toxic	252	0	4	0	252	0
Wormadam	Bug	Grass	60	59	85	79	105	36	Quiver Dance	Bug Buzz	Giga Drain	Hidden Power Ground	0	0	0	252	4	252
Wormadam-Sandy	Bug	Ground	60	79	105	59	85	36	Earthquake	Stealth Rock	Toxic	Protect	252	4	252	0	0	0
Wormadam-Trash	Bug	Steel	60	69	95	69	95	36	Stealth Rock	Toxic	Protect	Iron Head	252	0	4	0	252	0
Mothim	Bug	Flying	70	94	50	94	50	66	Bug Buzz	Air Slash	U-turn	Energy Ball	0	4	0	252	0	252
Vespiquen	Bug	Flying	70	80	102	80	102	40	Substitute	Toxic	Roost	Air Slash	248	0	172	0	0	88
Pachirisu	Electric	None	60	45	70	45	90	95	Nuzzle	Toxic	U-turn	Super Fang	252	0	252	0	4	0
Buizel	Water	None	55	65	35	60	30	85	Blizzard	Scald	Hidden Power Fire	Aqua Jet	0	0	0	200	36	240
Floatzel	Water	None	85	105	55	85	50	115	Hydro Pump	Ice Beam	Hidden Power Grass	Focus Blast	0	0	0	252	4	252
Cherubi	Grass	None	45	35	45	62	53	35	Solar Beam	Weather Ball	Sunny Day	Healing Wish	0	0	76	180	0	236
Cherrim	Grass	None	70	60	70	87	78	85	Sunny Day	Swords Dance	Petal Blizzard	Return	0	252	4	0	0	252
Shellos	Water	None	76	48	48	57	62	34	Scald	Recover	Earth Power	Clear Smog	228	0	132	0	100	4
Gastrodon	Water	Ground	111	83	68	92	82	39	Scald	Recover	Toxic	Earthquake	252	0	204	0	52	0
Ambipom	Normal	None	75	100	66	60	66	115	Fake Out	Return	Low Kick	U-turn	0	252	4	0	0	252
Drifblim	Ghost	Flying	150	80	44	90	54	80	Acrobatics	Substitute	Will-O-Wisp	Hex	4	252	0	0	0	252
Buneary	Normal	None	55	66	44	44	56	85	Healing Wish	Return	Drain Punch	Thunder Wave	0	228	4	0	0	236
Lopunny	Normal	None	65	76	84	54	96	105	Return	High Jump Kick	Fake Out	Ice Punch	0	252	0	0	4	252
Mismagius	Ghost	None	60	60	60	105	105	105	Nasty Plot	Shadow Ball	Power Gem	Protect	0	0	0	252	4	252
Honchkrow	Dark	Flying	100	125	52	105	52	71	Brave Bird	Sucker Punch	Pursuit	Superpower	0	252	4	0	0	252
Glameow	Normal	None	49	55	42	42	37	85	Return	Sucker Punch	Play Rough	Fake Out	0	236	20	0	0	236
Purugly	Normal	None	71	82	64	64	59	112	Return	Fake Out	Knock Off	U-turn	0	252	4	0	0	252
Chingling	Psychic	None	45	30	50	65	50	45	Psychic	Recover	Grass Knot	Hypnosis	156	0	116	0	196	0
Stunky	Poison	Dark	63	63	47	41	41	74	Sucker Punch	Play Rough	Fire Blast	Hidden Power Grass	12	252	0	0	0	244
Skuntank	Poison	Dark	103	93	67	71	61	84	Defog	Pursuit	Sucker Punch	Poison Jab	4	252	0	0	0	252
Bronzor	Steel	Psychic	57	24	86	24	86	23	Stealth Rock	Recycle	Psychic	Heavy Slam	64	4	228	4	148	12
Bronzong	Steel	Psychic	67	89	116	79	116	33	Stealth Rock	Toxic	Gyro Ball	Protect	252	0	4	0	252	0
Bonsly	Rock	None	50	80	95	10	45	10	Stealth Rock	Rock Slide	Stomping Tantrum	Sucker Punch	36	196	76	0	0	196
Chatot	Normal	Flying	76	65	45	92	42	91	Boomburst	Heat Wave	Hidden Power Fighting	U-turn	0	0	0	252	4	252
Spiritomb	Ghost	Dark	50	92	108	92	108	35	Pursuit	Sucker Punch	Foul Play	Will-O-Wisp	248	252	8	0	0	0
Gible	Dragon	Ground	58	70	45	40	45	42	Stealth Rock	Draco Meteor	Earth Power	Fire Blast	52	0	156	116	156	20
Garchomp	Dragon	Ground	108	130	95	80	85	102	Stealth Rock	Earthquake	Stone Edge	Swords Dance	0	252	0	0	4	252
Munchlax	Normal	None	135	85	40	40	85	5	Return	Earthquake	Pursuit	Recycle	0	236	36	0	236	0
Riolu	Fighting	None	40	70	40	35	40	60	Swords Dance	Copycat	High Jump Kick	Protect	116	196	116	0	36	36
Lucario	Fighting	Steel	70	110	70	115	70	90	Swords Dance	Meteor Mash	Close Combat	Bullet Punch	0	252	0	0	4	252
Hippopotas	Ground	None	68	72	78	38	42	32	Slack Off	Stealth Rock	Earthquake	Whirlwind	132	20	132	0	180	20
Hippowdon	Ground	None	108	112	118	68	72	47	Stealth Rock	Earthquake	Slack Off	Toxic	252	0	80	0	176	0
Skorupi	Poison	Bug	40	50	90	30	55	65	Toxic Spikes	Taunt	Knock Off	Poison Jab	196	36	36	0	0	236
Drapion	Poison	Dark	70	90	110	60	75	95	Knock Off	Poison Jab	Aqua Tail	Pursuit	0	252	0	0	4	252
Croagunk	Poison	Fighting	48	61	40	61	40	50	Nasty Plot	Sludge Bomb	Focus Blast	Vacuum Wave	52	0	116	188	116	36
Toxicroak	Poison	Fighting	83	106	65	86	65	85	Swords Dance	Gunk Shot	Drain Punch	Sucker Punch	0	252	0	0	4	252
Carnivine	Grass	None	74	100	72	90	72	46	Swords Dance	Power Whip	Knock Off	Sleep Powder	188	252	0	0	0	68
Finneon	Water	None	49	49	56	49	61	66	Defog	Scald	U-turn	Hidden Power Fighting	44	0	232	48	112	72
Lumineon	Water	None	69	69	76	69	86	91	Defog	Scald	U-turn	Toxic	252	0	248	0	0	8
Mantyke	Water	Flying	45	20	50	60	120	50	Rain Dance	Hydro Pump	Air Slash	Hidden Power Ground	0	0	36	200	36	196
Snover	Grass	Ice	60	62	50	62	60	40	Blizzard	Giga Drain	Ice Shard	Hidden Power Ground	0	104	0	184	0	200
Abomasnow	Grass	Ice	90	92	75	92	85	60	Blizzard	Giga Drain	Focus Blast	Ice Shard	92	0	0	252	0	164
Weavile	Dark	Ice	70	120	65	45	85	125	Knock Off	Icicle Crash	Ice Shard	Pursuit	0	252	4	0	0	252
Magnezone	Electric	Steel	70	70	115	130	90	60	Substitute	Thunderbolt	Flash Cannon	Hidden Power Fire	0	0	4	252	0	252
Lickilicky	Normal	None	110	85	95	80	95	50	Wish	Protect	Toxic	Seismic Toss	248	0	8	0	252	0
Rhyperior	Ground	Rock	115	140	130	55	55	40	Stealth Rock	Earthquake	Rock Blast	Toxic	248	16	0	0	244	0
Tangrowth	Grass	None	100	100	125	110	50	50	Giga Drain	Knock Off	Hidden Power Ice	Earthquake	248	0	8	0	252	0
Electivire	Electric	None	75	123	67	95	85	95	Volt Switch	Flamethrower	Earthquake	Focus Blast	0	4	0	252	0	252
Magmortar	Fire	None	75	95	67	125	95	83	Fire Blast	Focus Blast	Thunderbolt	Taunt	0	0	0	252	4	252
Togekiss	Fairy	Flying	85	50	95	120	115	80	Nasty Plot	Heal Bell	Air Slash	Roost	252	0	0	4	0	252
Yanmega	Bug	Flying	86	76	86	116	56	95	Bug Buzz	Air Slash	U-turn	Giga Drain	0	0	0	252	4	252
Leafeon	Grass	None	65	110	130	60	65	95	Swords Dance	Leaf Blade	Double-Edge	Knock Off	0	252	4	0	0	252
Glaceon	Ice	None	65	60	110	130	95	65	Celebrate	Ice Beam	Hidden Power Fighting	Shadow Ball	0	0	0	252	4	252
Gliscor	Ground	Flying	75	95	125	45	75	95	Stealth Rock	Earthquake	Toxic	Roost	244	0	52	0	100	112
Mamoswine	Ice	Ground	110	130	80	70	60	80	Ice Shard	Earthquake	Icicle Crash	Knock Off	0	252	0	0	4	252
Porygon-Z	Normal	None	85	80	70	135	75	90	Thunderbolt	Ice Beam	Recover	Conversion	0	0	4	252	0	252
Gallade	Psychic	Fighting	68	125	65	65	115	80	Swords Dance	Close Combat	Zen Headbutt	Knock Off	0	252	4	0	0	252
Probopass	Rock	Steel	60	55	145	75	150	40	Earth Power	Stealth Rock	Magnet Rise	Taunt	172	0	0	252	0	84
Dusknoir	Ghost	None	45	100	135	65	135	45	Earthquake	Shadow Sneak	Ice Punch	Trick	212	252	0	0	0	44
Froslass	Ice	Ghost	70	80	70	80	70	110	Spikes	Taunt	Will-O-Wisp	Hex	248	0	8	0	0	252
Rotom	Electric	Ghost	50	50	77	95	77	91	Defog	Will-O-Wisp	Hex	Volt Switch	248	0	0	8	0	252
Rotom-Heat	Electric	Fire	50	65	107	105	107	86	Defog	Volt Switch	Overheat	Toxic	236	0	0	20	0	252
Rotom-Wash	Electric	Water	50	65	107	105	107	86	Hydro Pump	Volt Switch	Will-O-Wisp	Pain Split	252	0	200	0	0	56
Rotom-Frost	Electric	Ice	50	65	107	105	107	86	Blizzard	Volt Switch	Defog	Thunderbolt	0	0	0	252	4	252
Rotom-Fan	Electric	Flying	50	65	107	105	107	86	Volt Switch	Air Slash	Will-O-Wisp	Defog	252	0	208	0	0	48
Rotom-Mow	Electric	Grass	50	65	107	105	107	86	Volt Switch	Leaf Storm	Defog	Will-O-Wisp	0	0	0	252	4	252
Uxie	Psychic	None	75	75	130	75	130	95	Stealth Rock	Psyshock	Yawn	U-turn	252	0	40	0	0	216
Mesprit	Psychic	None	80	105	105	105	105	80	Stealth Rock	Psychic	U-turn	Healing Wish	252	0	240	0	0	16
Azelf	Psychic	None	75	125	70	125	70	115	Stealth Rock	Explosion	Taunt	Knock Off	0	252	0	4	0	252
Dialga	Steel	Dragon	100	120	120	150	100	90	Stealth Rock	Draco Meteor	Fire Blast	Thunder	104	0	0	252	0	152
Palkia	Water	Dragon	90	120	100	150	120	100	Hydro Pump	Spacial Rend	Thunder	Focus Punch	0	4	0	252	0	252
Heatran	Fire	Steel	91	90	106	130	106	77	Magma Storm	Earth Power	Taunt	Toxic	0	0	4	252	0	252
Regigigas	Normal	None	110	160	110	80	110	100	Thunder Wave	Knock Off	Return	Drain Punch	252	252	0	0	4	0
Giratina	Ghost	Dragon	150	100	120	100	120	90	Defog	Rest	Toxic	Will-O-Wisp	248	0	208	0	52	0
Cresselia	Psychic	None	120	70	120	75	130	85	Moonlight	Psyshock	Moonblast	Toxic	252	0	112	0	0	144
Phione	Water	None	80	80	80	80	80	80	Rain Dance	Heal Bell	Scald	U-turn	252	0	252	0	4	0
Manaphy	Water	None	100	100	100	100	100	100	Tail Glow	Surf	Psychic	Rain Dance	0	0	0	252	4	252
Darkrai	Dark	None	70	90	90	135	90	125	Hypnosis	Nasty Plot	Dark Pulse	Thunder	4	0	0	252	0	252
Shaymin	Grass	None	100	100	100	100	100	100	Seed Flare	Earth Power	Hidden Power Ice	Synthesis	0	0	0	252	4	252
Arceus	Normal	None	120	120	120	120	120	120	Swords Dance	Extreme Speed	Shadow Claw	Recover	240	252	0	0	0	16
Victini	Psychic	Fire	100	100	100	100	100	100	V-create	Bolt Strike	U-turn	Zen Headbutt	0	252	0	0	4	252
Snivy	Grass	None	45	45	55	45	55	63	Leaf Storm	Defog	Synthesis	Hidden Power Ice	0	0	0	240	0	252
Servine	Grass	None	60	60	75	60	75	83	Leaf Storm	Defog	Synthesis	Hidden Power Ice	252	0	0	4	0	252
Serperior	Grass	None	75	75	95	75	95	113	Leaf Storm	Hidden Power Fire	Substitute	Glare	56	0	0	200	0	252
Tepig	Fire	None	65	63	45	45	45	45	Flare Blitz	Head Smash	Sucker Punch	Superpower	0	252	0	0	0	236
Emboar	Fire	Fighting	110	123	65	100	65	65	Flare Blitz	Superpower	Wild Charge	Earthquake	0	252	4	0	0	252
Samurott	Water	None	95	100	85	108	70	70	Hydro Pump	Grass Knot	Ice Beam	Taunt	0	0	0	252	4	252
Watchog	Normal	None	60	85	69	60	69	77	Return	Low Kick	Knock Off	Seed Bomb	0	252	4	0	0	252
Lillipup	Normal	None	45	60	45	25	45	55	Return	Play Rough	Fire Fang	Thunder Wave	0	196	76	0	0	236
Stoutland	Normal	None	85	110	90	45	90	80	Return	Superpower	Pursuit	Facade	0	252	4	0	0	252
Purrloin	Dark	None	41	50	37	50	37	66	Encore	U-turn	Knock Off	Thunder Wave	188	36	140	0	60	68
Liepard	Dark	None	64	88	50	88	50	106	Knock Off	Pursuit	Play Rough	U-turn	0	252	4	0	0	252
Simisage	Grass	None	75	98	63	98	63	101	Leaf Storm	Superpower	Gunk Shot	Rock Slide	0	252	0	4	0	252
Pansear	Fire	None	50	53	48	53	48	64	Recycle	Will-O-Wisp	Substitute	Flame Charge	36	12	212	0	212	4
Simisear	Fire	None	75	98	63	98	63	101	Nasty Plot	Fire Blast	Grass Knot	Focus Blast	0	0	0	252	4	252
Panpour	Water	None	50	53	48	53	48	64	Nasty Plot	Hydro Pump	Ice Beam	Hidden Power Grass	36	0	52	176	0	244
Simipour	Water	None	75	98	63	98	63	101	Nasty Plot	Hydro Pump	Ice Beam	Grass Knot	0	0	0	252	4	252
Musharna	Psychic	None	116	55	85	107	95	29	Calm Mind	Moonlight	Psyshock	Dazzling Gleam	248	0	252	8	0	0
Pidove	Normal	Flying	50	55	50	36	30	43	Tailwind	Aerial Ace	Hidden Power Grass	Return	0	240	0	0	0	252
Unfezant	Normal	Flying	80	115	80	65	55	93	Tailwind	Hypnosis	U-turn	Return	0	252	4	0	0	252
Blitzle	Electric	None	45	60	32	50	32	76	Wild Charge	Volt Switch	Flame Charge	Hidden Power Grass	0	200	20	40	20	228
Zebstrika	Electric	None	75	100	63	80	63	116	Thunderbolt	Volt Switch	Overheat	Hidden Power Grass	0	0	4	252	0	252
Roggenrola	Rock	None	55	75	85	25	25	15	Stealth Rock	Rock Blast	Earthquake	Explosion	0	156	76	0	76	156
Gigalith	Rock	None	85	135	130	60	80	25	Stealth Rock	Stone Edge	Earthquake	Toxic	252	0	4	0	252	0
Woobat	Psychic	Flying	65	45	43	55	43	72	Calm Mind	Stored Power	Heat Wave	Roost	76	0	12	236	0	180
Swoobat	Psychic	Flying	67	57	55	77	55	114	Calm Mind	Substitute	Stored Power	Air Slash	4	0	0	252	0	252
Drilbur	Ground	None	60	85	40	30	45	68	Earthquake	Rock Slide	Rapid Spin	Poison Jab	0	236	36	0	0	212
Excadrill	Ground	Steel	110	135	60	50	65	88	Swords Dance	Earthquake	Iron Head	Rapid Spin	4	252	0	0	0	252
Audino	Normal	None	103	60	86	60	86	50	Wish	Protect	Heal Bell	Knock Off	252	0	4	0	252	0
Timburr	Fighting	None	75	80	55	25	35	35	Drain Punch	Mach Punch	Knock Off	Fire Punch	0	196	156	0	156	0
Gurdurr	Fighting	None	85	105	85	40	50	40	Drain Punch	Mach Punch	Knock Off	Bulk Up	252	44	212	0	0	0
Conkeldurr	Fighting	None	105	140	95	55	65	45	Drain Punch	Mach Punch	Knock Off	Facade	104	252	0	0	0	152
Tympole	Water	None	50	50	40	50	40	64	Rain Dance	Hydro Pump	Earth Power	Sludge Bomb	0	0	116	196	36	84
Seismitoad	Water	Ground	105	95	75	85	75	74	Stealth Rock	Scald	Earthquake	Toxic	252	0	220	0	0	36
Throh	Fighting	None	120	100	85	30	85	45	Rest	Sleep Talk	Circle Throw	Bulk Up	248	0	8	0	252	0
Sawk	Fighting	None	75	125	75	30	75	85	Close Combat	Knock Off	Taunt	Poison Jab	0	252	4	0	0	252
Sewaddle	Bug	Grass	45	53	70	40	60	42	Sticky Web	Hidden Power Fire	Energy Ball	Magic Coat	156	0	196	40	116	0
Leavanny	Bug	Grass	75	103	80	70	80	92	Sticky Web	Leaf Blade	X-Scissor	Knock Off	0	252	4	0	0	252
Venipede	Bug	Poison	30	45	59	30	39	57	Spikes	Solar Beam	Protect	Pin Missile	0	76	204	36	44	148
Scolipede	Bug	Poison	60	100	89	55	69	112	Swords Dance	Megahorn	Aqua Tail	Earthquake	0	252	4	0	0	252
Cottonee	Grass	Fairy	40	27	60	37	50	66	Giga Drain	Dazzling Gleam	Encore	Memento	36	0	40	144	40	232
Whimsicott	Grass	Fairy	60	67	85	77	75	116	Moonblast	Energy Ball	Psychic	U-turn	0	0	0	252	4	252
Petilil	Grass	None	45	35	50	70	50	30	Sunny Day	Solar Beam	Hidden Power Fire	Sleep Powder	0	0	36	200	36	200
Lilligant	Grass	None	70	60	75	110	75	90	Quiver Dance	Sleep Powder	Giga Drain	Hidden Power Rock	0	0	4	252	0	252
Basculin	Water	None	70	92	65	80	55	98	Waterfall	Aqua Jet	Ice Beam	Crunch	0	252	0	4	0	252
Sandile	Ground	Dark	50	72	35	35	35	65	Earthquake	Crunch	Fire Fang	Pursuit	0	180	76	0	0	236
Krookodile	Ground	Dark	95	117	80	65	70	92	Knock Off	Earthquake	Pursuit	Stone Edge	0	252	4	0	0	252
Darumaka	Fire	None	70	90	45	15	45	50	Flare Blitz	U-turn	Superpower	Rock Slide	116	196	0	0	0	196
Darmanitan	Fire	None	105	140	55	30	55	95	Flare Blitz	U-turn	Earthquake	Rock Slide	0	252	0	0	4	252
Maractus	Grass	None	75	86	67	106	67	60	Spikes	Endeavor	Energy Ball	Sucker Punch	0	4	0	252	0	252
Dwebble	Bug	Rock	50	65	85	35	35	55	Stealth Rock	Spikes	Rock Blast	Knock Off	36	156	76	0	0	236
Crustle	Bug	Rock	70	105	125	65	75	45	Stealth Rock	Spikes	Knock Off	Rock Blast	0	252	4	0	0	252
Scraggy	Dark	Fighting	50	75	70	35	70	48	Dragon Dance	High Jump Kick	Knock Off	Zen Headbutt	36	156	36	0	36	212
Scrafty	Dark	Fighting	65	90	115	45	115	58	Bulk Up	Knock Off	Drain Punch	Rest	252	4	0	0	252	0
Sigilyph	Psychic	Flying	72	58	80	103	80	97	Air Slash	Heat Wave	Energy Ball	Roost	4	0	0	252	0	252
Cofagrigus	Ghost	None	58	50	145	95	105	30	Shadow Ball	Hidden Power Fighting	Trick Room	Nasty Plot	252	0	0	252	4	0
Tirtouga	Water	Rock	54	78	103	53	45	22	Stealth Rock	Stone Edge	Knock Off	Aqua Jet	164	52	92	0	156	20
Carracosta	Water	Rock	74	108	133	83	65	32	Shell Smash	Stone Edge	Aqua Jet	Superpower	0	252	0	0	4	252
Archen	Rock	Flying	55	112	45	74	45	70	Acrobatics	Rock Slide	Heat Wave	Hidden Power Grass	76	180	0	0	0	196
Archeops	Rock	Flying	75	140	65	112	65	110	Head Smash	Stealth Rock	Endeavor	Taunt	0	252	0	0	0	252
Trubbish	Poison	None	50	50	62	40	62	65	Spikes	Recycle	Gunk Shot	Drain Punch	116	36	100	0	20	236
Garbodor	Poison	None	80	95	82	60	82	75	Gunk Shot	Spikes	Stomping Tantrum	Explosion	4	252	0	0	0	252
Zorua	Dark	None	40	65	40	80	40	65	Night Daze	Extrasensory	Nasty Plot	U-turn	0	0	36	196	36	236
Zoroark	Dark	None	60	105	60	120	60	105	Nasty Plot	Dark Pulse	Focus Blast	Sludge Bomb	0	0	0	252	4	252
Minccino	Normal	None	55	50	40	40	40	75	Tail Slap	Knock Off	Seed Bomb	U-turn	0	196	36	0	36	236
Cinccino	Normal	None	75	95	60	65	60	115	Tail Slap	Bullet Seed	Knock Off	U-turn	0	252	4	0	0	252
Gothorita	Psychic	None	60	45	70	75	85	55	Charm	Confide	Taunt	Rest	252	0	4	0	252	0
Gothitelle	Psychic	None	70	55	95	95	110	65	Confide	Charm	Taunt	Rest	244	0	108	0	156	0
Solosis	Psychic	None	45	30	40	105	50	20	Trick Room	Psychic	Thunder	Hidden Power Fighting	240	0	0	240	0	0
Duosion	Psychic	None	65	40	50	125	60	30	Psyshock	Calm Mind	Acid Armor	Recover	252	0	252	4	0	0
Reuniclus	Psychic	None	110	65	75	125	85	30	Calm Mind	Psyshock	Focus Blast	Recover	252	0	212	0	0	44
Ducklett	Water	Flying	62	44	50	44	50	55	Hurricane	Scald	Defog	Roost	180	0	116	4	196	0
Swanna	Water	Flying	75	87	63	87	63	98	Hurricane	Scald	Defog	Roost	0	0	4	252	0	252
Vanillite	Ice	None	36	50	50	65	60	44	Ice Beam	Hidden Power Fighting	Explosion	Substitute	0	0	0	240	0	244
Vanilluxe	Ice	None	71	95	85	110	95	79	Blizzard	Freeze-Dry	Ice Shard	Taunt	0	4	0	252	0	252
Deerling	Normal	Grass	60	60	50	40	50	75	Return	Seed Bomb	Jump Kick	Substitute	36	196	36	0	0	236
Sawsbuck	Normal	Grass	80	100	70	60	70	95	Swords Dance	Double-Edge	Horn Leech	Jump Kick	0	252	0	0	4	252
Emolga	Electric	Flying	55	75	60	75	60	103	Thunderbolt	U-turn	Encore	Roost	0	0	4	252	0	252
Karrablast	Bug	None	50	75	45	40	45	60	Megahorn	Knock Off	Drill Run	Poison Jab	0	236	76	0	0	196
Escavalier	Bug	Steel	70	135	105	60	105	20	Megahorn	Iron Head	Protect	Pursuit	252	52	0	0	204	0
Foongus	Grass	Poison	69	55	45	55	55	15	Spore	Sludge Bomb	Giga Drain	Synthesis	124	0	160	0	160	0
Amoonguss	Grass	Poison	114	85	70	85	80	30	Spore	Giga Drain	Hidden Power Fire	Clear Smog	252	0	176	0	80	0
Frillish	Water	Ghost	55	40	50	65	85	40	Scald	Shadow Ball	Recover	Will-O-Wisp	236	0	116	76	76	0
Jellicent	Water	Ghost	100	60	70	85	105	60	Water Spout	Hydro Pump	Shadow Ball	Ice Beam	0	0	0	252	4	252
Alomomola	Water	None	165	75	80	40	45	65	Wish	Protect	Toxic	Scald	40	0	252	0	216	0
Joltik	Bug	Electric	50	47	50	57	50	65	Volt Switch	Thunderbolt	Giga Drain	Bug Buzz	0	0	36	220	0	236
Galvantula	Bug	Electric	70	77	60	97	60	108	Sticky Web	Thunder	Bug Buzz	Volt Switch	0	0	0	252	4	252
Ferroseed	Grass	Steel	44	50	91	24	86	10	Spikes	Leech Seed	Gyro Ball	Protect	252	0	252	0	4	0
Ferrothorn	Grass	Steel	74	94	131	54	116	20	Spikes	Leech Seed	Power Whip	Gyro Ball	252	0	24	0	232	0
Klink	Steel	None	40	55	70	45	60	30	Shift Gear	Gear Grind	Wild Charge	Return	0	236	36	0	116	116
Klinklang	Steel	None	60	100	115	70	85	90	Shift Gear	Gear Grind	Wild Charge	Magnet Rise	68	252	0	0	0	188
Eelektross	Electric	None	85	115	80	105	80	50	Volt Switch	Giga Drain	Flamethrower	Drain Punch	252	0	0	252	4	0
Elgyem	Psychic	None	55	55	55	85	55	30	Trick Room	Nasty Plot	Psychic	Hidden Power Fighting	236	0	0	240	0	0
Beheeyem	Psychic	None	75	75	75	125	95	40	Trick Room	Psychic	Nasty Plot	Signal Beam	248	0	8	252	0	0
Litwick	Ghost	Fire	50	30	55	65	55	20	Memento	Trick Room	Fire Blast	Will-O-Wisp	116	0	236	0	156	0
Chandelure	Ghost	Fire	60	55	90	145	90	80	Fire Blast	Shadow Ball	Calm Mind	Substitute	0	0	0	252	4	252
Axew	Dragon	None	46	87	60	30	40	57	Dragon Dance	Outrage	Superpower	Iron Tail	68	220	0	0	0	220
Haxorus	Dragon	None	76	147	90	60	70	97	Swords Dance	Outrage	Earthquake	Poison Jab	0	252	0	0	4	252
Cubchoo	Ice	None	55	70	40	60	40	40	Ice Punch	Superpower	Play Rough	Surf	76	196	0	36	0	196
Beartic	Ice	None	95	130	80	70	80	50	Icicle Crash	Superpower	Throat Chop	Swords Dance	0	252	0	0	4	252
Cryogonal	Ice	None	80	50	50	95	135	105	Rapid Spin	Freeze-Dry	Toxic	Recover	248	0	0	0	104	156
Shelmet	Bug	None	50	40	85	40	65	25	Spikes	Recover	Baton Pass	Leech Life	116	0	156	0	236	0
Accelgor	Bug	None	80	70	40	100	60	145	Bug Buzz	Focus Blast	Energy Ball	Spikes	0	0	4	252	0	252
Stunfisk	Ground	Electric	109	66	84	81	99	32	Stealth Rock	Discharge	Earth Power	Toxic	252	0	252	0	4	0
Mienfoo	Fighting	None	45	85	50	55	50	65	High Jump Kick	U-turn	Knock Off	Fake Out	0	0	196	0	36	236
Mienshao	Fighting	None	65	125	60	95	60	105	High Jump Kick	Knock Off	U-turn	Fake Out	100	0	0	0	156	252
Druddigon	Dragon	None	77	120	90	60	90	48	Stealth Rock	Toxic	Earthquake	Dragon Tail	252	0	252	0	4	0
Golett	Ground	Ghost	59	74	50	35	50	35	Drain Punch	Earthquake	Stealth Rock	Ice Punch	44	164	196	0	0	76
Golurk	Ground	Ghost	89	124	80	55	80	55	Stealth Rock	Earthquake	Shadow Punch	Ice Punch	4	252	0	0	0	252
Pawniard	Dark	Steel	45	85	70	40	40	60	Knock Off	Sucker Punch	Iron Head	Stealth Rock	0	156	36	0	116	196
Bisharp	Dark	Steel	65	125	100	60	70	70	Swords Dance	Knock Off	Iron Head	Sucker Punch	0	252	0	0	4	252
Bouffalant	Normal	None	95	110	95	40	95	55	Substitute	Swords Dance	Return	Earthquake	252	0	0	0	156	100
Rufflet	Normal	Flying	70	83	50	37	50	60	Brave Bird	Superpower	U-turn	Return	0	252	36	0	0	196
Braviary	Normal	Flying	100	123	75	57	75	80	Brave Bird	Superpower	Bulk Up	Roost	0	252	4	0	0	252
Vullaby	Dark	Flying	70	55	75	45	65	60	Brave Bird	Knock Off	U-turn	Defog	0	236	76	0	0	196
Mandibuzz	Dark	Flying	110	65	105	55	95	80	Taunt	Toxic	Roost	Foul Play	248	0	76	0	0	184
Heatmor	Fire	None	85	97	66	105	66	65	Fire Lash	Sucker Punch	Knock Off	Superpower	0	252	0	0	4	252
Durant	Bug	Steel	58	109	112	48	48	109	Hone Claws	Iron Head	Superpower	Rock Slide	0	252	0	0	4	252
Deino	Dark	Dragon	52	65	50	45	50	38	Outrage	Crunch	Superpower	Zen Headbutt	20	236	0	0	36	212
Hydreigon	Dark	Dragon	92	105	90	125	90	98	Draco Meteor	Dark Pulse	U-turn	Fire Blast	0	0	0	252	4	252
Larvesta	Bug	Fire	55	85	55	50	55	60	Flare Blitz	Morning Sun	U-turn	Will-O-Wisp	76	0	236	0	156	36
Volcarona	Bug	Fire	85	60	65	135	105	100	Quiver Dance	Flamethrower	Bug Buzz	Roost	248	0	112	0	0	148
Cobalion	Steel	Fighting	91	90	129	90	72	108	Swords Dance	Iron Head	Close Combat	Stealth Rock	0	252	0	0	4	252
Terrakion	Rock	Fighting	91	129	90	72	90	108	Close Combat	Stone Edge	Earthquake	Rock Slide	0	252	4	0	0	252
Virizion	Grass	Fighting	91	90	72	90	129	108	Swords Dance	Leaf Blade	Close Combat	Stone Edge	0	252	0	0	4	252
Tornadus	Flying	None	79	115	70	125	80	111	Hurricane	Heat Wave	Superpower	Grass Knot	0	4	0	252	0	252
Tornadus-Therian	Flying	None	79	100	80	110	90	121	Hurricane	Knock Off	U-turn	Defog	4	0	0	252	0	252
Thundurus	Electric	Flying	79	115	70	125	80	111	Nasty Plot	Thunderbolt	Hidden Power Ice	Focus Blast	0	0	4	252	0	252
Thundurus-Therian	Electric	Flying	79	105	70	145	80	101	Agility	Thunderbolt	Hidden Power Ice	Nasty Plot	0	0	0	252	4	252
Reshiram	Dragon	Fire	100	120	100	150	120	90	Blue Flare	Draco Meteor	Roost	Toxic	104	0	0	252	0	152
Zekrom	Dragon	Electric	100	150	120	120	100	90	Hone Claws	Bolt Strike	Outrage	Substitute	104	252	0	0	0	152
Landorus	Ground	Flying	89	125	90	115	80	101	Earth Power	Rock Slide	Stealth Rock	Hidden Power Ice	0	4	0	252	0	252
Landorus-Therian	Ground	Flying	89	145	90	105	80	91	Earthquake	U-turn	Stone Edge	Defog	0	244	68	0	0	196
Kyurem	Dragon	Ice	125	130	90	130	90	95	Substitute	Ice Beam	Earth Power	Roost	56	0	0	196	4	252
Kyurem-Black	Dragon	Ice	125	170	100	120	90	95	Freeze Shock	Fusion Bolt	Ice Beam	Earth Power	0	252	0	4	0	252
Kyurem-White	Dragon	Ice	125	120	90	170	100	95	Ice Beam	Draco Meteor	Fusion Flare	Roost	0	0	0	252	4	252
Keldeo	Water	Fighting	91	72	90	129	90	108	Calm Mind	Scald	Secret Sword	Taunt	0	0	0	252	4	252
Meloetta	Normal	Psychic	100	77	77	128	128	90	Celebrate	Psychic	Focus Blast	Hyper Voice	0	0	0	252	4	252
Genesect	Bug	Steel	71	120	95	120	95	99	U-turn	Iron Head	Extreme Speed	Explosion	0	252	0	0	4	252
Chespin	Grass	None	56	61	65	48	45	38	Seed Bomb	Zen Headbutt	Synthesis	Spikes	68	28	156	0	236	0
Chesnaught	Grass	Fighting	88	107	122	74	75	64	Spikes	Wood Hammer	Drain Punch	Synthesis	244	0	252	0	0	12
Fennekin	Fire	None	40	45	40	62	60	60	Fire Blast	Solar Beam	Psychic	Will-O-Wisp	36	0	36	180	36	196
Delphox	Fire	Psychic	75	69	72	114	100	104	Calm Mind	Fire Blast	Psychic	Grass Knot	0	0	0	252	4	252
Greninja	Water	Dark	72	95	67	103	71	122	Hydro Pump	Gunk Shot	Hidden Power Fire	Spikes	0	4	0	252	0	252
Bunnelby	Normal	None	38	36	38	32	36	57	Return	U-turn	Earthquake	Stone Edge	0	228	52	0	0	220
Diggersby	Normal	Ground	85	56	77	50	77	78	Earthquake	Return	Quick Attack	Spikes	0	252	4	0	0	252
Fletchling	Normal	Flying	45	50	43	40	38	62	Acrobatics	Swords Dance	U-turn	Substitute	0	196	92	0	0	180
Talonflame	Fire	Flying	78	81	71	74	69	126	Swords Dance	Brave Bird	Flare Blitz	Roost	0	252	4	0	0	252
Vivillon	Bug	Flying	80	52	50	90	50	89	Quiver Dance	Hurricane	Energy Ball	Sleep Powder	0	0	0	252	4	252
Pyroar	Fire	Normal	86	68	72	109	66	106	Fire Blast	Hyper Voice	Solar Beam	Taunt	0	0	0	252	4	252
Florges	Fairy	None	78	65	68	112	154	75	Defog	Moonblast	Synthesis	Heal Bell	252	0	120	0	0	136
Gogoat	Grass	None	123	100	62	97	81	68	Bulk Up	Horn Leech	Earthquake	Milk Drink	252	4	0	0	252	0
Pancham	Fighting	None	67	82	62	46	48	43	Parting Shot	Drain Punch	Knock Off	Gunk Shot	0	180	100	0	212	12
Pangoro	Fighting	Dark	95	124	78	69	71	58	Swords Dance	Knock Off	Drain Punch	Gunk Shot	4	252	0	0	0	252
Furfrou	Normal	None	75	80	60	65	90	102	Return	U-turn	Toxic	Sucker Punch	32	252	0	0	0	224
Espurr	Psychic	None	62	48	54	63	60	68	Thunderbolt	Psychic	Substitute	Hidden Power Fire	20	0	4	176	36	216
Honedge	Steel	Ghost	45	80	100	35	37	28	Shadow Sneak	Iron Head	Sacred Sword	Pursuit	76	116	116	0	140	52
Doublade	Steel	Ghost	59	110	150	45	49	35	Swords Dance	Gyro Ball	Shadow Claw	Shadow Sneak	240	252	0	0	16	0
Aegislash	Steel	Ghost	60	150	50	150	50	60	King's Shield	Toxic	Gyro Ball	Shadow Ball	252	0	0	4	252	0
Spritzee	Fairy	None	78	52	60	63	65	23	Wish	Protect	Moonblast	Covet	212	0	196	12	76	12
Aromatisse	Fairy	None	101	72	72	99	89	29	Trick Room	Nasty Plot	Moonblast	Psychic	248	0	0	252	8	0
Slurpuff	Fairy	None	82	80	86	85	75	72	Belly Drum	Play Rough	Return	Drain Punch	4	252	0	0	0	252
Inkay	Dark	Psychic	53	54	53	37	46	45	Superpower	Knock Off	Psycho Cut	Switcheroo	12	244	12	0	0	236
Malamar	Dark	Psychic	86	92	88	68	75	73	Knock Off	Superpower	Rest	Sleep Talk	252	4	0	0	252	0
Binacle	Rock	Water	42	52	67	39	56	50	Shell Smash	Liquidation	Stone Edge	Cross Chop	20	180	60	0	148	36
Barbaracle	Rock	Water	72	105	115	54	86	68	Shell Smash	Stone Edge	Liquidation	Grass Knot	0	252	0	4	0	252
Skrelp	Poison	Water	50	60	60	60	60	30	Sludge Wave	Hydro Pump	Hidden Power Fire	Toxic Spikes	116	0	116	200	36	40
Dragalge	Poison	Dragon	65	75	90	97	123	44	Draco Meteor	Sludge Wave	Toxic Spikes	Scald	252	0	0	0	204	52
Clauncher	Water	None	50	53	62	58	63	44	U-turn	Water Pulse	Ice Beam	Hidden Power Grass	0	0	20	212	12	244
Clawitzer	Water	None	71	73	88	120	89	59	Water Pulse	Ice Beam	Dark Pulse	Aura Sphere	0	0	4	252	0	252
Helioptile	Electric	Normal	44	38	33	61	43	70	Thunderbolt	Surf	Glare	U-turn	0	0	92	192	16	196
Heliolisk	Electric	Normal	62	55	52	109	94	109	Volt Switch	Hyper Voice	Thunderbolt	Surf	0	0	4	252	0	252
Tyrunt	Rock	Dragon	58	89	77	45	45	48	Dragon Dance	Stone Edge	Outrage	Earthquake	0	204	0	0	76	212
Tyrantrum	Rock	Dragon	82	121	119	69	59	71	Head Smash	Outrage	Earthquake	Dragon Claw	4	252	0	0	0	252
Amaura	Rock	Ice	77	59	50	67	63	46	Blizzard	Earth Power	Thunderbolt	Ancient Power	60	0	0	220	0	228
Aurorus	Rock	Ice	123	77	72	99	92	58	Blizzard	Freeze-Dry	Earth Power	Hidden Power Rock	0	0	0	252	4	252
Sylveon	Fairy	None	95	65	65	110	130	60	Hyper Voice	Wish	Protect	Heal Bell	252	0	252	4	0	0
Hawlucha	Fighting	Flying	78	92	75	74	63	118	Acrobatics	Swords Dance	High Jump Kick	Roost	96	252	0	0	36	124
Dedenne	Electric	Fairy	67	58	57	81	67	101	Substitute	Recycle	Thunderbolt	Hidden Power Ice	4	0	0	252	0	252
Carbink	Rock	Fairy	50	50	150	50	150	50	Trick Room	Stealth Rock	Explosion	Magic Coat	252	4	252	0	0	0
Goomy	Dragon	None	45	50	35	55	75	40	Dragon Pulse	Sludge Wave	Rest	Sleep Talk	76	0	236	0	156	40
Goodra	Dragon	None	90	100	70	110	150	80	Outrage	Iron Tail	Fire Punch	Power Whip	4	252	0	0	0	252
Klefki	Steel	Fairy	57	80	91	80	87	75	Spikes	Thunder Wave	Toxic	Play Rough	248	0	0	0	252	8
Trevenant	Ghost	Grass	85	110	76	65	82	56	Wood Hammer	Earthquake	Rock Slide	Shadow Claw	0	252	0	0	4	252
Pumpkaboo-Small	Ghost	Grass	44	66	70	44	55	56	Trick-or-Treat	Shadow Ball	Fire Blast	Giga Drain	4	0	36	164	156	148
Pumpkaboo-Super	Ghost	Grass	59	66	70	44	55	41	Giga Drain	Synthesis	Will-O-Wisp	Fire Blast	204	0	36	4	236	28
Gourgeist	Ghost	Grass	65	90	122	58	75	84	Trick-or-Treat	Seed Bomb	Phantom Force	Shadow Sneak	96	252	0	0	0	160
Gourgeist-Small	Ghost	Grass	55	85	122	58	75	99	Substitute	Leech Seed	Will-O-Wisp	Phantom Force	152	0	132	0	0	224
Gourgeist-Large	Ghost	Grass	75	95	122	58	75	69	Seed Bomb	Foul Play	Will-O-Wisp	Synthesis	72	0	252	0	0	184
Gourgeist-Super	Ghost	Grass	85	100	122	58	75	54	Will-O-Wisp	Synthesis	Foul Play	Leech Seed	252	0	252	0	4	0
Bergmite	Ice	None	55	69	85	32	35	28	Rapid Spin	Recover	Avalanche	Toxic	0	44	156	0	236	52
Avalugg	Ice	None	95	117	184	44	46	28	Avalanche	Recover	Rapid Spin	Earthquake	252	88	168	0	0	0
Noibat	Flying	Dragon	40	30	35	45	40	55	Draco Meteor	Hurricane	Heat Wave	Tailwind	0	0	0	236	36	236
Noivern	Flying	Dragon	85	70	80	97	80	123	Hurricane	Taunt	Roost	U-turn	0	0	0	252	4	252
Xerneas	Fairy	None	126	131	95	131	98	99	Moonblast	Focus Blast	Aromatherapy	Defog	0	0	4	252	0	252
Yveltal	Dark	Flying	126	131	95	131	98	99	Dark Pulse	Oblivion Wing	Taunt	Sucker Punch	0	4	0	252	0	252
Zygarde	Dragon	Ground	108	100	121	81	95	95	Thousand Arrows	Substitute	Dragon Dance	Protect	76	252	0	0	0	180
Diancie	Rock	Fairy	50	100	150	100	150	50	Moonblast	Diamond Storm	Earth Power	Protect	0	0	0	252	4	252
Hoopa	Psychic	Ghost	80	110	60	150	130	70	Nasty Plot	Shadow Ball	Focus Blast	Substitute	0	0	0	252	4	252
Volcanion	Fire	Water	80	110	120	130	90	70	Steam Eruption	Fire Blast	Earth Power	Sludge Bomb	0	0	4	252	0	252
Rowlet	Grass	Flying	68	55	55	50	50	42	Baton Pass	Swords Dance	Roost	Leaf Blade	132	0	156	0	196	0
Decidueye	Grass	Ghost	78	107	75	100	100	70	Swords Dance	Spirit Shackle	Leaf Blade	Shadow Sneak	0	252	4	0	0	252
Litten	Fire	None	45	65	40	60	40	70	U-turn	Flare Blitz	Will-O-Wisp	Fake Out	0	156	116	0	36	196
Incineroar	Fire	Dark	95	115	90	80	90	60	Swords Dance	Darkest Lariat	Earthquake	Flare Blitz	0	252	4	0	0	252
Primarina	Water	Fairy	80	74	74	126	116	60	Hydro Pump	Moonblast	Sparkling Aria	Psychic	92	0	0	252	0	164
Pikipek	Normal	Flying	35	75	30	30	30	65	Brave Bird	Bullet Seed	Brick Break	U-turn	0	236	36	0	0	236
Toucannon	Normal	Flying	80	120	75	75	75	60	Boomburst	Brave Bird	Bullet Seed	Overheat	0	4	0	252	0	252
Yungoos	Normal	None	48	70	30	30	30	45	Return	Earthquake	U-turn	Pursuit	0	196	36	0	36	236
Gumshoos	Normal	None	88	110	60	55	60	45	Return	Earthquake	U-turn	Crunch	0	252	4	0	0	252
Vikavolt	Bug	Electric	77	70	90	145	75	43	Bug Buzz	Volt Switch	Energy Ball	Roost	104	0	0	252	0	152
Crabrawler	Fighting	None	47	82	57	42	47	63	Close Combat	Crabhammer	Earthquake	Stone Edge	0	180	60	0	0	252
Crabominable	Fighting	Ice	97	132	77	62	67	43	Drain Punch	Ice Hammer	Stone Edge	Thunder Punch	252	4	0	0	252	0
Oricorio	Fire	Flying	75	70	70	98	70	93	Calm Mind	Hurricane	Revelation Dance	Roost	0	0	0	252	4	252
Ribombee	Bug	Fairy	60	55	60	95	70	124	Sticky Web	Moonblast	Stun Spore	Quiver Dance	4	0	0	252	0	252
Rockruff	Rock	None	45	65	40	30	40	60	Stone Edge	Stomping Tantrum	Zen Headbutt	Sucker Punch	0	236	76	0	0	196
Lycanroc	Rock	None	75	115	65	55	65	112	Swords Dance	Stone Edge	Drill Run	Accelerock	0	252	4	0	0	252
Lycanroc-Midnight	Rock	None	85	115	75	55	75	82	Stone Edge	Fire Punch	Stomping Tantrum	Toxic	0	252	4	0	0	252
Lycanroc-Dusk	Rock	None	75	117	65	55	65	110	Swords Dance	Stone Edge	Fire Fang	Sucker Punch	0	252	4	0	0	252
Wishiwashi	Water	None	45	20	20	25	25	40	Hydro Pump	Ice Beam	Hidden Power Grass	U-turn	252	0	4	252	0	0
Mareanie	Poison	Water	50	53	62	43	52	45	Scald	Sludge Bomb	Recover	Knock Off	196	12	100	92	100	0
Toxapex	Poison	Water	50	63	152	53	142	35	Scald	Haze	Recover	Toxic	252	0	4	0	252	0
Mudbray	Ground	None	70	100	70	45	55	45	Earthquake	Heavy Slam	Rock Slide	Stealth Rock	116	196	36	0	0	156
Mudsdale	Ground	None	100	125	100	55	85	35	Stealth Rock	Earthquake	Toxic	Rock Slide	252	128	128	0	0	0
Dewpider	Water	Bug	38	40	52	40	72	27	Sticky Web	Scald	Magic Coat	Giga Drain	52	0	180	116	20	140
Araquanid	Water	Bug	68	70	92	50	132	42	Liquidation	Spider Web	Toxic	Rest	96	220	0	0	0	192
Fomantis	Grass	None	40	55	35	50	35	35	Leaf Storm	Defog	Synthesis	Hidden Power Fire	116	0	236	120	0	0
Lurantis	Grass	None	70	105	90	80	90	45	Defog	Leaf Storm	Superpower	Synthesis	248	0	252	8	0	0
Morelull	Grass	Fairy	40	35	55	65	75	15	Spore	Moonblast	Giga Drain	Strength Sap	36	0	236	76	156	0
Shiinotic	Grass	Fairy	60	45	80	90	100	30	Moonblast	Giga Drain	Hidden Power Fire	Sludge Bomb	92	0	0	252	0	164
Salandit	Poison	Fire	48	44	40	71	40	77	Sludge Bomb	Fire Blast	Hidden Power Grass	Flame Charge	0	0	36	192	36	220
Salazzle	Poison	Fire	68	64	60	111	60	117	Nasty Plot	Fire Blast	Sludge Wave	Hidden Power Grass	8	0	0	248	0	252
Stufful	Normal	Fighting	70	75	50	45	50	50	Swords Dance	Return	Brick Break	Ice Punch	0	236	36	0	196	36
Bewear	Normal	Fighting	120	125	80	55	60	60	Swords Dance	Double-Edge	Superpower	Earthquake	4	252	0	0	0	252
Bounsweet	Grass	None	42	30	38	30	38	32	Rapid Spin	Seed Bomb	Synthesis	Play Rough	180	36	132	0	132	20
Tsareena	Grass	None	72	120	98	50	98	72	Rapid Spin	Power Whip	Knock Off	Synthesis	0	252	4	0	0	252
Comfey	Fairy	None	51	52	90	82	110	100	Draining Kiss	Giga Drain	Calm Mind	Hidden Power Fire	236	0	0	252	0	20
Oranguru	Normal	Psychic	90	60	80	90	110	60	Trick Room	Nasty Plot	Psychic	Focus Blast	248	0	0	252	8	0
Passimian	Fighting	None	100	120	90	40	60	80	Close Combat	U-turn	Knock Off	Gunk Shot	0	252	4	0	0	252
Wimpod	Bug	Water	25	35	40	20	30	80	Spikes	Taunt	Scald	Aqua Jet	0	76	196	36	0	196
Golisopod	Bug	Water	75	125	140	60	90	40	First Impression	Liquidation	Leech Life	Aqua Jet	168	252	0	0	0	88
Sandygast	Ghost	Ground	55	55	80	70	45	15	Rock Polish	Earth Power	Shadow Ball	Destiny Bond	76	0	0	116	76	236
Palossand	Ghost	Ground	85	75	110	100	75	35	Stealth Rock	Earth Power	Shadow Ball	Shore Up	252	0	252	0	4	0
Pyukumuku	Water	None	55	60	130	30	130	5	Block	Recover	Spite	Rest	252	0	252	0	4	0
Type: Null	Normal	None	95	95	95	95	95	59	U-turn	Return	Rest	Sleep Talk	252	0	8	0	248	0
Silvally	Normal	None	95	95	95	95	95	95	Swords Dance	Double-Edge	Parting Shot	Shadow Claw	0	252	4	0	0	252
Minior	Rock	Flying	60	60	100	60	100	60	Shell Smash	Stone Edge	Earthquake	Hidden Power Grass	0	252	4	0	0	252
Komala	Normal	None	65	115	65	75	95	65	Rapid Spin	Return	U-turn	Sucker Punch	252	232	0	0	0	24
Turtonator	Fire	Dragon	60	78	135	91	85	36	Fire Blast	Shell Smash	Draco Meteor	Dragon Pulse	0	0	0	252	4	252
Togedemaru	Electric	Steel	65	98	63	40	73	96	Wish	Spiky Shield	U-turn	Zing Zap	252	0	0	0	204	52
Mimikyu	Ghost	Fairy	55	90	80	50	105	96	Swords Dance	Shadow Sneak	Play Rough	Shadow Claw	0	252	0	0	4	252
Bruxish	Water	Psychic	68	105	70	70	70	92	Swords Dance	Psychic Fangs	Aqua Jet	Crunch	0	252	4	0	0	252
Drampa	Normal	Dragon	78	60	85	135	91	36	Draco Meteor	Hyper Voice	Fire Blast	Focus Blast	136	0	0	252	0	120
Dhelmise	Ghost	Grass	70	131	100	86	90	40	Power Whip	Earthquake	Rapid Spin	Synthesis	156	252	0	0	0	100
Jangmo-o	Dragon	None	45	55	65	45	45	45	Dragon Dance	Outrage	Earthquake	Brick Break	0	236	0	0	0	236
Kommo-o	Dragon	Fighting	75	110	125	100	105	85	Stealth Rock	Clanging Scales	Close Combat	Poison Jab	4	252	0	0	0	252
Tapu Koko	Electric	Fairy	70	115	85	95	75	130	Thunderbolt	Defog	Roost	U-turn	20	0	0	252	20	216
Tapu Lele	Psychic	Fairy	70	85	75	130	115	95	Psychic	Moonblast	Taunt	Focus Blast	0	0	0	252	4	252
Tapu Bulu	Grass	Fairy	70	130	115	85	95	75	Wood Hammer	Horn Leech	Superpower	Stone Edge	84	248	0	0	0	176
Tapu Fini	Water	Fairy	70	75	115	95	130	85	Defog	Moonblast	Scald	Taunt	248	0	16	12	40	192
Solgaleo	Psychic	Steel	137	137	107	113	89	97	Sunsteel Strike	Flare Blitz	Earthquake	Stone Edge	0	252	0	0	4	252
Lunala	Psychic	Ghost	137	113	89	137	107	97	Calm Mind	Moongeist Beam	Psyshock	Focus Blast	0	0	0	244	12	252
Nihilego	Rock	Poison	109	53	47	127	131	103	Sludge Wave	Thunderbolt	Grass Knot	Stealth Rock	0	0	0	252	4	252
Buzzwole	Bug	Fighting	107	139	139	53	53	79	Hammer Arm	Toxic	Roost	Earthquake	248	0	184	0	76	0
Pheromosa	Bug	Fighting	71	137	37	137	37	151	U-turn	Low Kick	Ice Beam	Throat Chop	0	252	0	4	0	252
Xurkitree	Electric	None	83	89	71	173	71	83	Thunderbolt	Hidden Power Ice	Energy Ball	Tail Glow	0	0	0	252	4	252
Celesteela	Steel	Flying	97	101	103	107	101	61	Leech Seed	Protect	Heavy Slam	Flamethrower	248	0	28	0	232	0
Kartana	Grass	Steel	59	181	131	59	31	109	Swords Dance	Leaf Blade	Sacred Sword	Giga Impact	0	252	4	0	0	252
Guzzlord	Dark	Dragon	223	101	53	97	53	43	Draco Meteor	Dark Pulse	Fire Blast	Sludge Bomb	0	0	196	252	0	60
Necrozma	Psychic	None	97	107	101	127	89	79	Stealth Rock	Photon Geyser	Heat Wave	Calm Mind	0	0	0	252	4	252
Magearna	Steel	Fairy	80	95	115	130	115	65	Shift Gear	Calm Mind	Fleur Cannon	Focus Blast	0	0	0	252	4	252
Marshadow	Fighting	Ghost	90	125	80	90	90	125	Spectral Thief	Close Combat	Shadow Sneak	Hidden Power Ice	0	252	4	0	0	252
Naganadel	Poison	Dragon	73	73	73	127	73	121	Draco Meteor	Sludge Wave	Nasty Plot	Fire Blast	0	0	0	252	4	252
Stakataka	Rock	Steel	61	131	211	53	101	13	Trick Room	Gyro Ball	Stone Edge	Earthquake	252	252	0	0	4	0
Blacephalon	Fire	Ghost	53	127	53	151	79	107	Flamethrower	Shadow Ball	Substitute	Calm Mind	232	0	4	20	0	252
Zeraora	Electric	None	88	112	75	102	80	143	Plasma Fists	Close Combat	Grass Knot	Knock Off	0	252	0	4	0	252
