10,000,000 Volt Thunderbolt	Electric	Special	195	0	1	Pikachu-exclusive Z-Move.	0
Absorb	Grass	Special	20	100	25	User recovers half the HP inflicted on opponent.	0
Accelerock	Rock	Physical	40	100	20	User attacks first.	0
Acid	Poison	Special	40	100	30	May lower opponent's Special Defense.	10
Acid Armor	Poison	Status	0	0	20	Sharply raises user's Defense.	0
Acid Downpour	Poison	Special	0	0	1	Poison type Z-Move.	0
Acid Spray	Poison	Special	40	100	20	Sharply lowers opponent's Special Defense.	100
Acrobatics	Flying	Physical	55	100	15	Stronger when the user does not have a held item.	0
Acupressure	Normal	Status	0	0	30	Sharply raises a random stat.	0
Aerial Ace	Flying	Physical	60	∞	20	Ignores Accuracy and Evasiveness.	0
Aeroblast	Flying	Special	100	95	5	High critical hit ratio.	0
After You	Normal	Status	0	0	15	Gives target priority in the next turn.	0
Agility	Psychic	Status	0	0	30	Sharply raises user's Speed.	0
Air Cutter	Flying	Special	60	95	25	High critical hit ratio.	0
Air Slash	Flying	Special	75	95	20	May cause flinching.	30
All-Out Pummeling	Fighting	Special	0	0	1	Fighting type Z-Move.	0
Ally Switch	Psychic	Status	0	0	15	User switches with opposite teammate.	0
Amnesia	Psychic	Status	0	0	20	Sharply raises user's Special Defense.	0
Anchor Shot	Steel	Physical	80	100	20	The user entangles the target with its anchor chain while attacking. The target becomes unable to flee.	0
Ancient Power	Rock	Special	60	100	5	May raise all user's stats at once.	10
Aqua Jet	Water	Physical	40	100	20	User attacks first.	0
Aqua Ring	Water	Status	0	0	20	Restores a little HP each turn.	0
Aqua Tail	Water	Physical	90	90	10		0
Arm Thrust	Fighting	Physical	15	100	20	Hits 2-5 times in one turn.	0
Aromatherapy	Grass	Status	0	0	5	Cures all status problems in your party.	0
Aromatic Mist	Fairy	Status	0	0	20	Raises Special Defense of allies.	0
Assist	Normal	Status	0	0	20	User performs a move known by its allies at random.	0
Assurance	Dark	Physical	60	100	10	Power doubles if opponent already took damage in the same turn.	0
Astonish	Ghost	Physical	30	100	15	May cause flinching.	30
Attack Order	Bug	Physical	90	100	15	High critical hit ratio.	0
Attract	Normal	Status	0	100	15	If opponent is the opposite gender, it's less likely to attack.	0
Aura Sphere	Fighting	Special	80	∞	20	Ignores Accuracy and Evasiveness.	0
Aurora Beam	Ice	Special	65	100	20	May lower opponent's Attack.	10
Aurora Veil	Ice	Status	0	0	20	Halves damage from Physical and Special attacks for five turns.	0
Autotomize	Steel	Status	0	0	15	Reduces weight and sharply raises Speed.	0
Avalanche	Ice	Physical	60	100	10	Power doubles if user took damage first.	0
Baby-Doll Eyes	Fairy	Status	0	100	30	Always goes first. Lowers the target's attack.	0
Baddy Bad	Dark	Special	90	100	15	Reduces damage from Physical attacks.	0
Baneful Bunker	Poison	Status	0	0	10	Protects the user and poisons opponent on contact.	0
Barrage	Normal	Physical	15	85	20	Hits 2-5 times in one turn.	0
Barrier	Psychic	Status	0	0	20	Sharply raises user's Defense.	0
Baton Pass	Normal	Status	0	0	40	User switches out and gives stat changes to the incoming Pokémon.	0
Beak Blast	Flying	Physical	100	100	15	The user first heats up its beak, and then it attacks the target. Making direct contact with the Pokémon while it's heating up its beak results in a burn.	0
Beat Up	Dark	Physical	0	100	30	Each Pokémon in your party attacks.	0
Belch	Poison	Special	120	90	10	User must have consumed a Berry.	0
Belly Drum	Normal	Status	0	0	10	User loses 50% of its max HP, but Attack raises to maximum.	0
Bestow	Normal	Status	0	0	15	Gives the user's held item to the target.	0
Bide	Normal	Physical	0	0	10	User takes damage for two turns then strikes back double.	0
Bind	Normal	Physical	15	85	20	Traps opponent, damaging them for 4-5 turns.	0
Bite	Dark	Physical	60	100	25	May cause flinching.	30
Black Hole Eclipse	Dark	Special	0	0	1	Dark type Z-Move.	0
Blast Burn	Fire	Special	150	90	5	User must recharge next turn.	0
Blaze Kick	Fire	Physical	85	90	10	High critical hit ratio. May burn opponent.	10
Blizzard	Ice	Special	110	70	5	May freeze opponent.	10
Block	Normal	Status	0	0	5	Opponent cannot flee or switch.	0
Bloom Doom	Grass	Special	0	0	1	Grass type Z-Move.	0
Blue Flare	Fire	Special	130	85	5	May burn opponent.	20
Body Slam	Normal	Physical	85	100	15	May paralyze opponent.	30
Bolt Strike	Electric	Physical	130	85	5	May paralyze opponent.	20
Bone Club	Ground	Physical	65	85	20	May cause flinching.	10
Bone Rush	Ground	Physical	25	90	10	Hits 2-5 times in one turn.	0
Bonemerang	Ground	Physical	50	90	10	Hits twice in one turn.	0
Boomburst	Normal	Special	140	100	10	Hits all adjacent Pokémon.	0
Bounce	Flying	Physical	85	85	5	Springs up on first turn, attacks on second. May paralyze opponent.	30
Bouncy Bubble	Water	Special	90	100	15	User recovers half the HP inflicted on opponent.	0
Brave Bird	Flying	Physical	120	100	15	User receives recoil damage.	0
Breakneck Blitz	Normal	Special	0	0	1	Normal type Z-Move.	0
Brick Break	Fighting	Physical	75	100	15	Breaks through Reflect and Light Screen barriers.	0
Brine	Water	Special	65	100	10	Power doubles if opponent's HP is less than 50%.	0
Brutal Swing	Dark	Physical	60	100	20	The user swings its body around violently to inflict damage on everything in its vicinity.	0
Bubble	Water	Special	40	100	30	May lower opponent's Speed.	10
Bubble Beam	Water	Special	65	100	20	May lower opponent's Speed.	10
Bug Bite	Bug	Physical	60	100	20	Receives the effect from the opponent's held berry.	0
Bug Buzz	Bug	Special	90	100	10	May lower opponent's Special Defense.	10
Bulk Up	Fighting	Status	0	0	20	Raises user's Attack and Defense.	0
Bulldoze	Ground	Physical	60	100	20	Lowers opponent's Speed.	100
Bullet Punch	Steel	Physical	40	100	30	User attacks first.	0
Bullet Seed	Grass	Physical	25	100	30	Hits 2-5 times in one turn.	0
Burn Up	Fire	Special	130	100	5	To inflict massive damage, the user burns itself out. After using this move, the user will no longer be Fire type.	0
Buzzy Buzz	Electric	Special	90	100	15	Paralyzes the opponent.	100
Calm Mind	Psychic	Status	0	0	20	Raises user's Special Attack and Special Defense.	0
Camouflage	Normal	Status	0	0	20	Changes user's type according to the location.	0
Captivate	Normal	Status	0	100	20	Sharply lowers opponent's Special Attack if opposite gender.	0
Catastropika	Electric	Physical	210	0	1	Pikachu-exclusive Z-Move.	0
Celebrate	Normal	Status	0	0	40	The Pokémon congratulates you on your special day. No battle effect.	0
Charge	Electric	Status	0	0	20	Raises user's Special Defense and next Electric move's power increases.	0
Charge Beam	Electric	Special	50	90	10	May raise user's Special Attack.	70
Charm	Fairy	Status	0	100	20	Sharply lowers opponent's Attack.	0
Chatter	Flying	Special	65	100	20	Confuses opponent.	100
Chip Away	Normal	Physical	70	100	20	Ignores opponent's stat changes.	0
Circle Throw	Fighting	Physical	60	90	10	In battles, the opponent switches. In the wild, the Pokémon runs.	0
Clamp	Water	Physical	35	85	10	Traps opponent, damaging them for 4-5 turns.	0
Clanging Scales	Dragon	Special	110	100	5	Lowers user's Defense.	0
Clangorous Soulblaze	Dragon	Special	185	0	1	Kommo-o exclusive Z-Move.	0
Clear Smog	Poison	Special	50	0	15	Removes all of the target's stat changes.	0
Close Combat	Fighting	Physical	120	100	5	Lowers user's Defense and Special Defense.	0
Coil	Poison	Status	0	0	20	Raises user's Attack, Defense and Accuracy.	0
Comet Punch	Normal	Physical	18	85	15	Hits 2-5 times in one turn.	0
Confide	Normal	Status	0	0	20	Lowers opponent's Special Attack.	0
Confuse Ray	Ghost	Status	0	100	10	Confuses opponent.	0
Confusion	Psychic	Special	50	100	25	May confuse opponent.	10
Constrict	Normal	Physical	10	100	35	May lower opponent's Speed by one stage.	10
Continental Crush	Rock	Special	0	0	1	Rock type Z-Move.	0
Conversion	Normal	Status	0	0	30	Changes user's type to that of its first move.	0
Conversion 2	Normal	Status	0	0	30	User changes type to become resistant to opponent's last move.	0
Copycat	Normal	Status	0	0	20	Copies opponent's last move.	0
Core Enforcer	Dragon	Special	100	100	10	Scorches a 'Z' pattern on the ground.	0
Corkscrew Crash	Steel	Special	0	0	1	Steel type Z-Move.	0
Cosmic Power	Psychic	Status	0	0	20	Raises user's Defense and Special Defense.	0
Cotton Guard	Grass	Status	0	0	10	Drastically raises user's Defense.	0
Cotton Spore	Grass	Status	0	100	40	Sharply lowers opponent's Speed.	0
Counter	Fighting	Physical	0	100	20	When hit by a Physical Attack, user strikes back with 2x power.	0
Covet	Normal	Physical	60	100	25	Opponent's item is stolen by the user.	0
Crabhammer	Water	Physical	100	90	10	High critical hit ratio.	0
Crafty Shield	Fairy	Status	0	0	10	Protects the Pokémon from status moves.	0
Cross Chop	Fighting	Physical	100	80	5	High critical hit ratio.	0
Cross Poison	Poison	Physical	70	100	20	High critical hit ratio. May poison opponent.	10
Crunch	Dark	Physical	80	100	15	May lower opponent's Defense.	20
Crush Claw	Normal	Physical	75	95	10	May lower opponent's Defense.	50
Crush Grip	Normal	Physical	0	100	5	More powerful when opponent has higher HP.	0
Curse	Ghost	Status	0	0	10	Ghosts lose 50% of max HP and curse the opponent; Non-Ghosts raise Attack, Defense and lower Speed.	0
Cut	Normal	Physical	50	95	30		0
Dark Pulse	Dark	Special	80	100	15	May cause flinching.	20
Dark Void	Dark	Status	0	50	10	Puts all adjacent opponents to sleep.	0
Darkest Lariat	Dark	Physical	85	100	10	Ignores opponent's stat changes.	0
Dazzling Gleam	Fairy	Special	80	100	10	Hits all adjacent opponents.	0
Defend Order	Bug	Status	0	0	10	Raises user's Defense and Special Defense.	0
Defense Curl	Normal	Status	0	0	40	Raises user's Defense.	0
Defog	Flying	Status	0	0	15	Lowers opponent's Evasiveness and clears fog.	0
Destiny Bond	Ghost	Status	0	0	5	If the user faints, the opponent also faints.	0
Detect	Fighting	Status	0	0	5	Protects the user, but may fail if used consecutively.	0
Devastating Drake	Dragon	Special	0	0	1	Dragon type Z-Move.	0
Diamond Storm	Rock	Physical	100	95	5	May raise user's Defense	50
Dig	Ground	Physical	80	100	10	Digs underground on first turn, attacks on second. Can also escape from caves.	0
Disable	Normal	Status	0	100	20	Opponent can't use its last attack for a few turns.	0
Disarming Voice	Fairy	Special	40	∞	15	Ignores Accuracy and Evasiveness.	0
Discharge	Electric	Special	80	100	15	May paralyze opponent.	30
Dive	Water	Physical	80	100	10	Dives underwater on first turn, attacks on second turn.	0
Dizzy Punch	Normal	Physical	70	100	10	May confuse opponent.	20
Doom Desire	Steel	Special	140	100	5	Damage occurs 2 turns later.	0
Double Hit	Normal	Physical	35	90	10	Hits twice in one turn.	0
Double Iron Bash	Steel	Physical	60	100	5	Hits twice in one turn; may cause flinching.	0
Double Kick	Fighting	Physical	30	100	30	Hits twice in one turn.	0
Double Slap	Normal	Physical	15	85	10	Hits 2-5 times in one turn.	0
Double Team	Normal	Status	0	0	15	Raises user's Evasiveness.	0
Double-Edge	Normal	Physical	120	100	15	User receives recoil damage.	0
Draco Meteor	Dragon	Special	130	90	5	Sharply lowers user's Special Attack.	0
Dragon Ascent	Flying	Physical	120	100	5	Lowers user's Defense and Special Defense.	0
Dragon Breath	Dragon	Special	60	100	20	May paralyze opponent.	30
Dragon Claw	Dragon	Physical	80	100	15		0
Dragon Dance	Dragon	Status	0	0	20	Raises user's Attack and Speed.	0
Dragon Hammer	Dragon	Physical	90	100	15	The user uses its body like a hammer to attack the target and inflict damage.	0
Dragon Pulse	Dragon	Special	85	100	10		0
Dragon Rage	Dragon	Special	0	100	10	Always inflicts 40 HP.	0
Dragon Rush	Dragon	Physical	100	75	10	May cause flinching.	20
Dragon Tail	Dragon	Physical	60	90	10	In battles, the opponent switches. In the wild, the Pokémon runs.	0
Drain Punch	Fighting	Physical	75	100	10	User recovers half the HP inflicted on opponent.	0
Draining Kiss	Fairy	Special	50	100	10	User recovers most the HP inflicted on opponent.	0
Dream Eater	Psychic	Special	100	100	15	User recovers half the HP inflicted on a sleeping opponent.	0
Drill Peck	Flying	Physical	80	100	20		0
Drill Run	Ground	Physical	80	95	10	High critical hit ratio.	0
Dual Chop	Dragon	Physical	40	90	15	Hits twice in one turn.	0
Dynamic Punch	Fighting	Physical	100	50	5	Confuses opponent.	100
Earth Power	Ground	Special	90	100	10	May lower opponent's Special Defense.	10
Earthquake	Ground	Physical	100	100	10	Power is doubled if opponent is underground from using Dig.	0
Echoed Voice	Normal	Special	40	100	15	Power increases each turn.	0
Eerie Impulse	Electric	Status	0	100	15	Sharply lowers opponent's Special Attack.	0
Egg Bomb	Normal	Physical	100	75	10		0
Electric Terrain	Electric	Status	0	0	10	Prevents all Pokémon from falling asleep for 5 turns.	0
Electrify	Electric	Status	0	0	20	Changes the target's move to Electric type.	0
Electro Ball	Electric	Special	0	100	10	The faster the user, the stronger the attack.	0
Electroweb	Electric	Special	55	95	15	Lowers opponent's Speed.	100
Embargo	Dark	Status	0	100	15	Opponent cannot use items.	0
Ember	Fire	Special	40	100	25	May burn opponent.	10
Encore	Normal	Status	0	100	5	Forces opponent to keep using its last move for 3 turns.	0
Endeavor	Normal	Physical	0	100	5	Reduces opponent's HP to same as user's.	0
Endure	Normal	Status	0	0	10	Always left with at least 1 HP, but may fail if used consecutively.	0
Energy Ball	Grass	Special	90	100	10	May lower opponent's Special Defense.	10
Entrainment	Normal	Status	0	100	15	Makes target's ability same as user's.	0
Eruption	Fire	Special	150	100	5	Stronger when the user's HP is higher.	0
Explosion	Normal	Physical	250	100	5	User faints.	0
Extrasensory	Psychic	Special	80	100	20	May cause flinching.	10
Extreme Evoboost	Normal	Status	0	0	1	Eevee-exclusive Z-Move. Sharply raises all stats.	0
Extreme Speed	Normal	Physical	80	100	5	User attacks first.	0
Facade	Normal	Physical	70	100	20	Power doubles if user is burned, poisoned, or paralyzed.	0
Fairy Lock	Fairy	Status	0	0	10	Prevents fleeing in the next turn.	0
Fairy Wind	Fairy	Special	40	100	30		0
Fake Out	Normal	Physical	40	100	10	User attacks first, foe flinches. Only usable on first turn.	100
Fake Tears	Dark	Status	0	100	20	Sharply lowers opponent's Special Defense.	0
False Swipe	Normal	Physical	40	100	40	Always leaves opponent with at least 1 HP.	0
Feather Dance	Flying	Status	0	100	15	Sharply lowers opponent's Attack.	0
Feint	Normal	Physical	30	100	10	Only hits if opponent uses Protect or Detect in the same turn.	0
Feint Attack	Dark	Physical	60	∞	20	Ignores Accuracy and Evasiveness.	0
Fell Stinger	Bug	Physical	50	100	25	Drastically raises user's Attack if target is KO'd.	0
Fiery Dance	Fire	Special	80	100	10	May raise user's Special Attack.	50
Final Gambit	Fighting	Special	0	100	5	Inflicts damage equal to the user's remaining HP. User faints.	0
Fire Blast	Fire	Special	110	85	5	May burn opponent.	10
Fire Fang	Fire	Physical	65	95	15	May cause flinching and/or burn opponent.	10
Fire Lash	Fire	Physical	80	100	15	The user strikes the target with a burning lash. This also lowers the target's Defense stat.	0
Fire Pledge	Fire	Special	80	100	10	Added effects appear if combined with Grass Pledge or Water Pledge.	0
Fire Punch	Fire	Physical	75	100	15	May burn opponent.	10
Fire Spin	Fire	Special	35	85	15	Traps opponent, damaging them for 4-5 turns.	0
First Impression	Bug	Physical	90	100	10	Although this move has great power, it only works the first turn the user is in battle.	0
Fissure	Ground	Physical	0	0	5	One-Hit-KO, if it hits.	0
Flail	Normal	Physical	0	100	15	The lower the user's HP, the higher the power.	0
Flame Burst	Fire	Special	70	100	15	May also injure nearby Pokémon.	0
Flame Charge	Fire	Physical	50	100	20	Raises user's Speed.	100
Flame Wheel	Fire	Physical	60	100	25	May burn opponent.	10
Flamethrower	Fire	Special	90	100	15	May burn opponent.	10
Flare Blitz	Fire	Physical	120	100	15	User receives recoil damage. May burn opponent.	10
Flash	Normal	Status	0	100	20	Lowers opponent's Accuracy.	0
Flash Cannon	Steel	Special	80	100	10	May lower opponent's Special Defense.	10
Flatter	Dark	Status	0	100	15	Confuses opponent, but raises its Special Attack by two stages.	0
Fleur Cannon	Fairy	Special	130	90	5	Sharply lowers user's Special Attack.	0
Fling	Dark	Physical	0	100	10	Power depends on held item.	0
Floaty Fall	Flying	Physical	90	95	15	May cause flinching.	30
Floral Healing	Fairy	Status	0	0	10	The user restores the target's HP by up to half of its max HP. It restores more HP when the terrain is grass.	0
Flower Shield	Fairy	Status	0	0	10	Sharply raises Defense of all Grass-type Pokémon on the field.	0
Fly	Flying	Physical	90	95	15	Flies up on first turn, attacks on second turn.	0
Flying Press	Fighting	Physical	100	95	10	Deals Fighting and Flying type damage.	0
Focus Blast	Fighting	Special	120	70	5	May lower opponent's Special Defense.	10
Focus Energy	Normal	Status	0	0	30	Increases critical hit ratio.	0
Focus Punch	Fighting	Physical	150	100	20	If the user is hit before attacking, it flinches instead.	0
Follow Me	Normal	Status	0	0	20	In Double Battle, the user takes all the attacks.	0
Force Palm	Fighting	Physical	60	100	10	May paralyze opponent.	30
Foresight	Normal	Status	0	0	40	Resets opponent's Evasiveness, Normal-type and Fighting-type attacks can now hit Ghosts, and Ghost-type attacks hit Normal.	0
Forest's Curse	Grass	Status	0	100	20	Adds Grass type to opponent.	0
Foul Play	Dark	Physical	95	100	15	Uses the opponent's Attack stat.	0
Freeze Shock	Ice	Physical	140	90	5	Charges on first turn, attacks on second. May paralyze opponent.	30
Freeze-Dry	Ice	Special	70	100	20	May freeze opponent. Super-effective against Water types.	0
Freezy Frost	Ice	Special	90	100	15	Resets all stat changes.	0
Frenzy Plant	Grass	Special	150	90	5	User must recharge next turn.	0
Frost Breath	Ice	Special	60	90	10	Always results in a critical hit.	100
Frustration	Normal	Physical	0	100	20	Power decreases with higher Friendship.	0
Fury Attack	Normal	Physical	15	85	20	Hits 2-5 times in one turn.	0
Fury Cutter	Bug	Physical	40	95	20	Power increases each turn.	0
Fury Swipes	Normal	Physical	18	80	15	Hits 2-5 times in one turn.	0
Fusion Bolt	Electric	Physical	100	100	5	Power increases if Fusion Flare is used in the same turn.	0
Fusion Flare	Fire	Special	100	100	5	Power increases if Fusion Bolt is used in the same turn.	0
Future Sight	Psychic	Special	120	100	10	Damage occurs 2 turns later.	0
Gastro Acid	Poison	Status	0	100	10	Cancels out the effect of the opponent's Ability.	0
Gear Grind	Steel	Physical	50	85	15	Hits twice in one turn.	0
Gear Up	Steel	Status	0	0	20	The user engages its gears to raise the Attack and Sp. Atk stats of ally Pokémon with the Plus or Minus Ability.	0
Genesis Supernova	Psychic	Special	185	0	1	Mew-exclusive Z-Move.	0
Geomancy	Fairy	Status	0	0	10	Charges on first turn, sharply raises user's Sp. Attack, Sp. Defense and Speed on the second.	0
Giga Drain	Grass	Special	75	100	10	User recovers half the HP inflicted on opponent.	0
Giga Impact	Normal	Physical	150	90	5	User must recharge next turn.	0
Gigavolt Havoc	Electric	Special	0	0	1	Electric type Z-Move.	0
Glaciate	Ice	Special	65	95	10	Lowers opponent's Speed.	100
Glare	Normal	Status	0	100	30	Paralyzes opponent.	0
Glitzy Glow	Psychic	Special	90	100	15	Reduces damage from Special attacks.	0
Grass Knot	Grass	Special	0	100	20	The heavier the opponent, the stronger the attack.	0
Grass Pledge	Grass	Special	80	100	10	Added effects appear if preceded by Water Pledge or succeeded by Fire Pledge.	0
Grass Whistle	Grass	Status	0	55	15	Puts opponent to sleep.	0
Grassy Terrain	Grass	Status	0	0	10	Restores a little HP of all Pokémon for 5 turns. 	0
Gravity	Psychic	Status	0	0	5	Prevents moves like Fly and Bounce and the Ability Levitate for 5 turns.	0
Growl	Normal	Status	0	100	40	Lowers opponent's Attack.	0
Growth	Normal	Status	0	0	40	Raises user's Attack and Special Attack.	0
Grudge	Ghost	Status	0	0	5	If the users faints after using this move, the PP for the opponent's last move is depleted.	0
Guard Split	Psychic	Status	0	0	10	Averages Defense and Special Defense with the target.	0
Guard Swap	Psychic	Status	0	0	10	User and opponent swap Defense and Special Defense.	0
Guardian of Alola	Fairy	Special	0	0	1	Tapu-exclusive Z-move. Cuts opponent's HP by 75%.	0
Guillotine	Normal	Physical	0	0	5	One-Hit-KO, if it hits.	0
Gunk Shot	Poison	Physical	120	80	5	May poison opponent.	30
Gust	Flying	Special	40	100	35	Hits Pokémon using Fly/Bounce with double power.	0
Gyro Ball	Steel	Physical	0	100	5	The slower the user, the stronger the attack.	0
Hail	Ice	Status	0	0	10	Non-Ice types are damaged for 5 turns.	0
Hammer Arm	Fighting	Physical	100	90	10	Lowers user's Speed.	0
Happy Hour	Normal	Status	0	0	30	Doubles prize money from trainer battles.	0
Harden	Normal	Status	0	0	30	Raises user's Defense.	0
Haze	Ice	Status	0	0	30	Resets all stat changes.	0
Head Charge	Normal	Physical	120	100	15	User receives recoil damage.	0
Head Smash	Rock	Physical	150	80	5	User receives recoil damage.	0
Headbutt	Normal	Physical	70	100	15	May cause flinching.	30
Heal Bell	Normal	Status	0	0	5	Heals the user's party's status conditions.	0
Heal Block	Psychic	Status	0	0	15	Prevents the opponent from restoring HP for 5 turns.	0
Heal Order	Bug	Status	0	0	10	User recovers half its max HP.	0
Heal Pulse	Psychic	Status	0	0	10	Restores half the target's max HP.	0
Healing Wish	Psychic	Status	0	0	10	The user faints and the next Pokémon released is fully healed.	0
Heart Stamp	Psychic	Physical	60	100	25	May cause flinching.	30
Heart Swap	Psychic	Status	0	0	10	Stat changes are swapped with the opponent.	0
Heat Crash	Fire	Physical	0	100	10	The heavier the user, the stronger the attack.	0
Heat Wave	Fire	Special	95	90	10	May burn opponent.	10
Heavy Slam	Steel	Physical	0	100	10	The heavier the user, the stronger the attack.	0
Helping Hand	Normal	Status	0	0	20	In Double Battles, boosts the power of the partner's move.	0
Hex	Ghost	Special	65	100	10	Inflicts more damage if the target has a status condition.	0
Hidden Power	Normal	Special	60	100	15	Type and power depends on user's IVs.	0
High Horsepower	Ground	Physical	95	95	10	The user fiercely attacks the target using its entire body.	0
High Jump Kick	Fighting	Physical	130	90	10	If it misses, the user loses half their HP.	0
Hold Back	Normal	Physical	40	100	40	Always leaves opponent with at least 1 HP.	0
Hold Hands	Normal	Status	0	0	40	Makes the user and an ally very happy.	0
Hone Claws	Dark	Status	0	0	15	Raises user's Attack and Accuracy.	0
Horn Attack	Normal	Physical	65	100	25		0
Horn Drill	Normal	Physical	0	0	5	One-Hit-KO, if it hits.	0
Horn Leech	Grass	Physical	75	100	10	User recovers half the HP inflicted on opponent.	0
Howl	Normal	Status	0	0	40	Raises user's Attack.	0
Hurricane	Flying	Special	110	70	10	May confuse opponent.	30
Hydro Cannon	Water	Special	150	90	5	User must recharge next turn.	0
Hydro Pump	Water	Special	110	80	5		0
Hydro Vortex	Water	Special	0	0	1	Water type Z-Move.	0
Hyper Beam	Normal	Special	150	90	5	User must recharge next turn.	0
Hyper Fang	Normal	Physical	80	90	15	May cause flinching.	10
Hyper Voice	Normal	Special	90	100	10		0
Hyperspace Fury	Dark	Physical	100	∞	5	Lowers user's Defense. Can strike through Protect/Detect.	0
Hyperspace Hole	Psychic	Special	80	∞	5	Can strike through Protect/Detect.	0
Hypnosis	Psychic	Status	0	60	20	Puts opponent to sleep.	0
Ice Ball	Ice	Physical	30	90	20	Doubles in power each turn for 5 turns.	0
Ice Beam	Ice	Special	90	100	10	May freeze opponent.	10
Ice Burn	Ice	Special	140	90	5	Charges on first turn, attacks on second. May burn opponent.	30
Ice Fang	Ice	Physical	65	95	15	May cause flinching and/or freeze opponent.	10
Ice Hammer	Ice	Physical	100	90	10	The user swings and hits with its strong, heavy fist. It lowers the user's Speed, however.	0
Ice Punch	Ice	Physical	75	100	15	May freeze opponent.	10
Ice Shard	Ice	Physical	40	100	30	User attacks first.	0
Icicle Crash	Ice	Physical	85	90	10	May cause flinching.	30
Icicle Spear	Ice	Physical	25	100	30	Hits 2-5 times in one turn.	0
Icy Wind	Ice	Special	55	95	15	Lowers opponent's Speed.	100
Imprison	Psychic	Status	0	0	10	Opponent is unable to use moves that the user also knows.	0
Incinerate	Fire	Special	60	100	15	Destroys the target's held berry.	0
Inferno	Fire	Special	100	50	5	Burns opponent.	100
Inferno Overdrive	Fire	Special	0	0	1	Fire type Z-Move.	0
Infestation	Bug	Special	20	100	20	Traps opponent, damaging them for 4-5 turns.	0
Ingrain	Grass	Status	0	0	20	User restores HP each turn. User cannot escape/switch.	0
Instruct	Psychic	Status	0	0	15	Allows an ally to use a move instead.	0
Ion Deluge	Electric	Status	0	0	25	Changes Normal-type moves to Electric-type.	0
Iron Defense	Steel	Status	0	0	15	Sharply raises user's Defense.	0
Iron Head	Steel	Physical	80	100	15	May cause flinching.	30
Iron Tail	Steel	Physical	100	75	15	May lower opponent's Defense.	10
Judgment	Normal	Special	100	100	10	Type depends on the Arceus Plate being held.	0
Jump Kick	Fighting	Physical	100	95	10	If it misses, the user loses half their HP.	0
Karate Chop	Fighting	Physical	50	100	25	High critical hit ratio.	0
Kinesis	Psychic	Status	0	80	15	Lowers opponent's Accuracy.	0
King's Shield	Steel	Status	0	0	10	Protects the user and lowers opponent's Attack on contact.	0
Knock Off	Dark	Physical	65	100	20	Removes opponent's held item for the rest of the battle.	0
Land's Wrath	Ground	Physical	90	100	10		0
Laser Focus	Normal	Status	0	0	30	User's next attack is guaranteed to result in a critical hit.	0
Last Resort	Normal	Physical	140	100	5	Can only be used after all other moves are used.	0
Lava Plume	Fire	Special	80	100	15	May burn opponent.	30
Leaf Blade	Grass	Physical	90	100	15	High critical hit ratio.	0
Leaf Storm	Grass	Special	130	90	5	Sharply lowers user's Special Attack.	0
Leaf Tornado	Grass	Special	65	90	10	May lower opponent's Accuracy.	30
Leafage	Grass	Physical	40	100	40	Strikes opponent with leaves.	0
Leech Life	Bug	Physical	80	100	10	User recovers half the HP inflicted on opponent.	0
Leech Seed	Grass	Status	0	90	10	Drains HP from opponent each turn.	0
Leer	Normal	Status	0	100	30	Lowers opponent's Defense.	0
Let's Snuggle Forever	Fairy	Physical	190	0	1	Mimikyu-exclusive Z-Move.	0
Lick	Ghost	Physical	30	100	30	May paralyze opponent.	30
Light of Ruin	Fairy	Special	140	90	5	User receives recoil damage.	0
Light Screen	Psychic	Status	0	0	30	Halves damage from Special attacks for 5 turns.	0
Light That Burns the Sky	Psychic	Special	200	0	1	Ultra Necrozma-exclusive Z-Move. Ignores target's ability; uses highest Attack stat.	0
Liquidation	Water	Physical	85	100	10	The user slams into the target using a full-force blast of water. This may also lower the target's Defense stat.	0
Lock-On	Normal	Status	0	0	5	User's next attack is guaranteed to hit.	0
Lovely Kiss	Normal	Status	0	75	10	Puts opponent to sleep.	0
Low Kick	Fighting	Physical	0	100	20	The heavier the opponent, the stronger the attack.	0
Low Sweep	Fighting	Physical	65	100	20	Lowers opponent's Speed.	100
Lucky Chant	Normal	Status	0	0	30	Opponent cannot land critical hits for 5 turns.	0
Lunar Dance	Psychic	Status	0	0	10	The user faints but the next Pokémon released is fully healed.	0
Lunge	Bug	Physical	80	100	15	The user makes a lunge at the target, attacking with full force. This also lowers the target's Attack stat.	0
Luster Purge	Psychic	Special	70	100	5	May lower opponent's Special Defense.	50
Mach Punch	Fighting	Physical	40	100	30	User attacks first.	0
Magic Coat	Psychic	Status	0	0	15	Reflects moves that cause status conditions back to the attacker.	0
Magic Room	Psychic	Status	0	0	10	Suppresses the effects of held items for five turns.	0
Magical Leaf	Grass	Special	60	∞	20	Ignores Accuracy and Evasiveness.	0
Magma Storm	Fire	Special	100	75	5	Traps opponent, damaging them for 4-5 turns.	0
Magnet Bomb	Steel	Physical	60	∞	20	Ignores Accuracy and Evasiveness.	0
Magnet Rise	Electric	Status	0	0	10	User becomes immune to Ground-type moves for 5 turns.	0
Magnetic Flux	Electric	Status	0	0	20	Raises Defense and Sp. Defense of Plus/Minus Pokémon.	0
Magnitude	Ground	Physical	0	100	30	Hits with random power.	0
Malicious Moonsault	Dark	Physical	180	0	1	Incineroar-exclusive Z-Move.	0
Mat Block	Fighting	Status	0	0	10	Protects teammates from damaging moves.	0
Me First	Normal	Status	0	0	20	User copies the opponent's attack with 1.5× power.	0
Mean Look	Normal	Status	0	0	5	Opponent cannot flee or switch.	0
Meditate	Psychic	Status	0	0	40	Raises user's Attack.	0
Mega Drain	Grass	Special	40	100	15	User recovers half the HP inflicted on opponent.	0
Mega Kick	Normal	Physical	120	75	5		0
Mega Punch	Normal	Physical	80	85	20		0
Megahorn	Bug	Physical	120	85	10		0
Memento	Dark	Status	0	100	10	User faints, sharply lowers opponent's Attack and Special Attack.	0
Menacing Moonraze Maelstrom	Ghost	Special	200	0	1	Lunala-exclusive Z-Move.	0
Metal Burst	Steel	Physical	0	100	10	Deals damage equal to 1.5x opponent's attack.	0
Metal Claw	Steel	Physical	50	95	35	May raise user's Attack.	10
Metal Sound	Steel	Status	0	85	40	Sharply lowers opponent's Special Defense.	0
Meteor Mash	Steel	Physical	90	90	10	May raise user's Attack.	20
Metronome	Normal	Status	0	0	10	User performs almost any move in the game at random.	0
Milk Drink	Normal	Status	0	0	10	User recovers half its max HP.	0
Mimic	Normal	Status	0	0	10	Copies the opponent's last move.	0
Mind Blown	Fire	Special	150	100	5	User receives recoil damage.	0
Mind Reader	Normal	Status	0	0	5	User's next attack is guaranteed to hit.	0
Minimize	Normal	Status	0	0	10	Sharply raises user's Evasiveness.	0
Miracle Eye	Psychic	Status	0	0	40	Resets opponent's Evasiveness, removes Dark's Psychic immunity.	0
Mirror Coat	Psychic	Special	0	100	20	When hit by a Special Attack, user strikes back with 2x power.	0
Mirror Move	Flying	Status	0	0	20	User performs the opponent's last move.	0
Mirror Shot	Steel	Special	65	85	10	May lower opponent's Accuracy.	30
Mist	Ice	Status	0	0	30	User's stats cannot be changed for a period of time.	0
Mist Ball	Psychic	Special	70	100	5	May lower opponent's Special Attack.	50
Misty Terrain	Fairy	Status	0	0	10	Protects the field from status conditions for 5 turns.	0
Moonblast	Fairy	Special	95	100	15	May lower opponent's Special Attack.	30
Moongeist Beam	Ghost	Special	100	100	5	Ignores the target's ability.	0
Moonlight	Fairy	Status	0	0	5	User recovers HP. Amount varies with the weather.	0
Morning Sun	Normal	Status	0	0	5	User recovers HP. Amount varies with the weather.	0
Mud Bomb	Ground	Special	65	85	10	May lower opponent's Accuracy.	30
Mud Shot	Ground	Special	55	95	15	Lowers opponent's Speed.	100
Mud Sport	Ground	Status	0	0	15	Weakens the power of Electric-type moves.	0
Mud-Slap	Ground	Special	20	100	10	Lowers opponent's Accuracy.	100
Muddy Water	Water	Special	90	85	10	May lower opponent's Accuracy.	30
Multi-Attack	Normal	Physical	90	100	10	Type matches user's current type.	0
Mystical Fire	Fire	Special	75	100	10	Lowers opponent's Special Attack.	100
Nasty Plot	Dark	Status	0	0	20	Sharply raises user's Special Attack.	0
Natural Gift	Normal	Physical	0	100	15	Power and type depend on the user's held berry.	0
Nature Power	Normal	Status	0	0	20	Uses a certain move based on the current terrain.	0
Nature's Madness	Fairy	Special	0	90	10	Halves the foe's HP.	0
Needle Arm	Grass	Physical	60	100	15	May cause flinching.	30
Never-Ending Nightmare	Ghost	Special	0	0	1	Ghost type Z-Move.	0
Night Daze	Dark	Special	85	95	10	May lower opponent's Accuracy.	40
Night Shade	Ghost	Special	0	100	15	Inflicts damage equal to user's level.	0
Night Slash	Dark	Physical	70	100	15	High critical hit ratio.	0
Nightmare	Ghost	Status	0	100	15	The sleeping opponent loses 25% of its max HP each turn.	0
Noble Roar	Normal	Status	0	100	30	Lowers opponent's Attack and Special Attack.	0
Nuzzle	Electric	Physical	20	100	20	Paralyzes opponent.	100
Oblivion Wing	Flying	Special	80	100	10	User recovers most of the HP inflicted on opponent.	0
Oceanic Operetta	Water	Special	195	0	1	Primarina-exclusive Z-Move.	0
Octazooka	Water	Special	65	85	10	May lower opponent's Accuracy.	50
Odor Sleuth	Normal	Status	0	0	40	Resets opponent's Evasiveness, Normal-type and Fighting-type attacks can now hit Ghosts, and Ghost-type attacks hit Normal.	0
Ominous Wind	Ghost	Special	60	100	5	May raise all user's stats at once.	10
Origin Pulse	Water	Special	110	85	10	Hits all adjacent opponents.	0
Outrage	Dragon	Physical	120	100	10	User attacks for 2-3 turns but then becomes confused.	0
Overheat	Fire	Special	130	90	5	Sharply lowers user's Special Attack.	0
Pain Split	Normal	Status	0	0	20	The user's and opponent's HP becomes the average of both.	0
Parabolic Charge	Electric	Special	65	100	20	User recovers half the HP inflicted on opponent.	0
Parting Shot	Dark	Status	0	100	20	Lowers opponent's Attack and Special Attack then switches out. 	0
Pay Day	Normal	Physical	40	100	20	A small amount of money is gained after the battle resolves.	0
Payback	Dark	Physical	50	100	10	Power doubles if the user was attacked first.	0
Peck	Flying	Physical	35	100	35		0
Perish Song	Normal	Status	0	0	5	Any Pokémon in play when this attack is used faints in 3 turns.	0
Petal Blizzard	Grass	Physical	90	100	15	Hits all adjacent Pokémon.	0
Petal Dance	Grass	Special	120	100	10	User attacks for 2-3 turns but then becomes confused.	0
Phantom Force	Ghost	Physical	90	100	10	Disappears on first turn, attacks on second. Can strike through Protect/Detect.	0
Photon Geyser	Psychic	Special	100	100	5	Uses Attack or Special Attack stat, whichever is higher.	0
Pika Papow	Electric	Special	0	∞	20	Power increases when player's bond is stronger.	0
Pin Missile	Bug	Physical	25	95	20	Hits 2-5 times in one turn.	0
Plasma Fists	Electric	Physical	100	100	15	Changes Normal-type moves to Electric-type moves.	0
Play Nice	Normal	Status	0	0	20	Lowers opponent's Attack. Always hits.	0
Play Rough	Fairy	Physical	90	90	10	May lower opponent's Attack.	10
Pluck	Flying	Physical	60	100	20	If the opponent is holding a berry, its effect is stolen by user.	0
Poison Fang	Poison	Physical	50	100	15	May badly poison opponent.	50
Poison Gas	Poison	Status	0	90	40	Poisons opponent.	0
Poison Jab	Poison	Physical	80	100	20	May poison the opponent.	30
Poison Powder	Poison	Status	0	75	35	Poisons opponent.	0
Poison Sting	Poison	Physical	15	100	35	May poison the opponent.	30
Poison Tail	Poison	Physical	50	100	25	High critical hit ratio. May poison opponent.	10
Pollen Puff	Bug	Special	90	100	15	The user attacks the enemy with a pollen puff that explodes. If the target is an ally, it gives the ally a pollen puff that restores its HP instead.	0
Pound	Normal	Physical	40	100	35		0
Powder	Bug	Status	0	100	20	Damages Pokémon using Fire type moves.	0
Powder Snow	Ice	Special	40	100	25	May freeze opponent.	10
Power Gem	Rock	Special	80	100	20		0
Power Split	Psychic	Status	0	0	10	Averages Attack and Special Attack with the target.	0
Power Swap	Psychic	Status	0	0	10	User and opponent swap Attack and Special Attack.	0
Power Trick	Psychic	Status	0	0	10	User's own Attack and Defense switch.	0
Power Trip	Dark	Physical	20	100	10	The user boasts its strength and attacks the target. The more the user's stats are raised, the greater the move's power.	0
Power Whip	Grass	Physical	120	85	10		0
Power-Up Punch	Fighting	Physical	40	100	10	Raises Attack.	100
Precipice Blades	Ground	Physical	120	85	10	Hits all adjacent opponents.	0
Present	Normal	Physical	0	90	15	Either deals damage or heals.	0
Prismatic Laser	Psychic	Special	160	100	10	The user shoots powerful lasers using the power of a prism. The user can't move on the next turn.	0
Protect	Normal	Status	0	0	10	Protects the user, but may fail if used consecutively.	0
Psybeam	Psychic	Special	65	100	20	May confuse opponent.	10
Psych Up	Normal	Status	0	0	10	Copies the opponent's stat changes.	0
Psychic	Psychic	Special	90	100	10	May lower opponent's Special Defense.	10
Psychic Fangs	Psychic	Physical	85	100	10	The user bites the target with its psychic capabilities. This can also destroy Light Screen and Reflect.	0
Psychic Terrain	Psychic	Status	0	0	10	Prevents priority moves from being used for 5 turns.	0
Psycho Boost	Psychic	Special	140	90	5	Sharply lowers user's Special Attack.	0
Psycho Cut	Psychic	Physical	70	100	20	High critical hit ratio.	0
Psycho Shift	Psychic	Status	0	90	10	Gives the opponent the user's status condition, if it hits.	0
Psyshock	Psychic	Special	80	100	10	Inflicts damage based on the target's Defense, not Special Defense.	0
Psystrike	Psychic	Special	100	100	10	Inflicts damage based on the target's Defense, not Special Defense.	0
Psywave	Psychic	Special	0	80	15	Inflicts damage 50-150% of user's level.	0
Pulverizing Pancake	Normal	Physical	210	0	1	Snorlax-exclusive Normal type Z-Move.	0
Punishment	Dark	Physical	0	100	5	Power increases when opponent's stats have been raised.	0
Purify	Poison	Status	0	0	20	The user heals the target's status condition. If the move succeeds, it also restores the user's own HP.	0
Pursuit	Dark	Physical	40	100	20	Double power if the opponent is switching out.	0
Quash	Dark	Status	0	100	15	Makes the target act last this turn.	0
Quick Attack	Normal	Physical	40	100	30	User attacks first.	0
Quick Guard	Fighting	Status	0	0	15	Protects the user's team from high-priority moves.	0
Quiver Dance	Bug	Status	0	0	20	Raises user's Special Attack, Special Defense and Speed.	0
Rage	Normal	Physical	20	100	20	Raises user's Attack when hit.	0
Rage Powder	Bug	Status	0	0	20	Forces attacks to hit user, not team-mates.	0
Rain Dance	Water	Status	0	0	5	Makes it rain for 5 turns.	0
Rapid Spin	Normal	Physical	20	100	40	Removes effects of trap moves.	0
Razor Leaf	Grass	Physical	55	95	25	High critical hit ratio.	0
Razor Shell	Water	Physical	75	95	10	May lower opponent's Defense.	50
Razor Wind	Normal	Special	80	100	10	Charges on first turn, attacks on second. High critical hit ratio.	0
Recover	Normal	Status	0	0	10	User recovers half its max HP.	0
Recycle	Normal	Status	0	0	10	User's used hold item is restored.	0
Reflect	Psychic	Status	0	0	20	Halves damage from Physical attacks for 5 turns.	0
Reflect Type	Normal	Status	0	0	15	User becomes the target's type.	0
Refresh	Normal	Status	0	0	20	Cures paralysis, poison, and burns.	0
Relic Song	Normal	Special	75	100	10	May put the target to sleep.	10
Rest	Psychic	Status	0	0	10	User sleeps for 2 turns, but user is fully healed.	0
Retaliate	Normal	Physical	70	100	5	Inflicts double damage if a teammate fainted on the last turn.	0
Return	Normal	Physical	0	100	20	Power increases with higher Friendship.	0
Revelation Dance	Normal	Special	90	100	15	Type changes based on Oricorio's form.	0
Revenge	Fighting	Physical	60	100	10	Power increases if user was hit first.	0
Reversal	Fighting	Physical	0	100	15	The lower the user's HP, the higher the power.	0
Roar	Normal	Status	0	0	20	In battles, the opponent switches. In the wild, the Pokémon runs.	0
Roar of Time	Dragon	Special	150	90	5	User must recharge next turn.	0
Rock Blast	Rock	Physical	25	90	10	Hits 2-5 times in one turn.	0
Rock Climb	Normal	Physical	90	85	20	May confuse opponent.	20
Rock Polish	Rock	Status	0	0	20	Sharply raises user's Speed.	0
Rock Slide	Rock	Physical	75	90	10	May cause flinching.	30
Rock Smash	Fighting	Physical	40	100	15	May lower opponent's Defense.	50
Rock Throw	Rock	Physical	50	90	15		0
Rock Tomb	Rock	Physical	60	95	15	Lowers opponent's Speed.	100
Rock Wrecker	Rock	Physical	150	90	5	User must recharge next turn.	0
Role Play	Psychic	Status	0	0	15	User copies the opponent's Ability.	0
Rolling Kick	Fighting	Physical	60	85	15	May cause flinching.	30
Rollout	Rock	Physical	30	90	20	Doubles in power each turn for 5 turns.	0
Roost	Flying	Status	0	0	10	User recovers half of its max HP and loses the Flying type temporarily.	0
Rototiller	Ground	Status	0	0	10	Raises Attack and Special Attack of Grass-types.	0
Round	Normal	Special	60	100	15	Power increases if teammates use it in the same turn.	0
Sacred Fire	Fire	Physical	100	95	5	May burn opponent.	50
Sacred Sword	Fighting	Physical	90	100	20	Ignores opponent's stat changes.	0
Safeguard	Normal	Status	0	0	25	The user's party is protected from status conditions.	0
Sand Attack	Ground	Status	0	100	15	Lowers opponent's Accuracy.	0
Sand Tomb	Ground	Physical	35	85	15	Traps opponent, damaging them for 4-5 turns.	0
Sandstorm	Rock	Status	0	0	10	Creates a sandstorm for 5 turns.	0
Sappy Seed	Grass	Physical	90	100	15	Drains HP from opponent each turn.	100
Savage Spin-Out	Bug	Special	0	0	1	Bug type Z-Move.	0
Scald	Water	Special	80	100	15	May burn opponent.	30
Scary Face	Normal	Status	0	100	10	Sharply lowers opponent's Speed.	0
Scratch	Normal	Physical	40	100	35		0
Screech	Normal	Status	0	85	40	Sharply lowers opponent's Defense.	0
Searing Shot	Fire	Special	100	100	5	May burn opponent.	30
Searing Sunraze Smash	Steel	Physical	200	0	1	Solgaleo-exclusive Z-Move.	0
Secret Power	Normal	Physical	70	100	20	Effects of the attack vary with the location.	30
Secret Sword	Fighting	Special	85	100	10	Inflicts damage based on the target's Defense, not Special Defense.	0
Seed Bomb	Grass	Physical	80	100	15		0
Seed Flare	Grass	Special	120	85	5	May lower opponent's Special Defense.	40
Seismic Toss	Fighting	Physical	0	100	20	Inflicts damage equal to user's level.	0
Self-Destruct	Normal	Physical	200	100	5	User faints.	0
Shadow Ball	Ghost	Special	80	100	15	May lower opponent's Special Defense.	20
Shadow Bone	Ghost	Physical	85	100	10	The user attacks by beating the target with a bone that contains a spirit. This may also lower the target's Defense stat.	0
Shadow Claw	Ghost	Physical	70	100	15	High critical hit ratio.	0
Shadow Force	Ghost	Physical	120	100	5	Disappears on first turn, attacks on second. Can strike through Protect/Detect.	0
Shadow Punch	Ghost	Physical	60	∞	20	Ignores Accuracy and Evasiveness.	0
Shadow Sneak	Ghost	Physical	40	100	30	User attacks first.	0
Sharpen	Normal	Status	0	0	30	Raises user's Attack.	0
Shattered Psyche	Psychic	Special	0	0	1	Psychic type Z-Move.	0
Sheer Cold	Ice	Special	0	0	5	One-Hit-KO, if it hits.	0
Shell Smash	Normal	Status	0	0	15	Sharply raises user's Attack, Special Attack and Speed but lowers Defense and Special Defense.	0
Shell Trap	Fire	Special	150	100	5	Deals more damage to opponent if hit by a Physical move.	0
Shift Gear	Steel	Status	0	0	10	Raises user's Attack and sharply raises Speed.	0
Shock Wave	Electric	Special	60	∞	20	Ignores Accuracy and Evasiveness.	0
Shore Up	Ground	Status	0	0	10	The user regains up to half of its max HP. It restores more HP in a sandstorm.	0
Signal Beam	Bug	Special	75	100	15	May confuse opponent.	10
Silver Wind	Bug	Special	60	100	5	May raise all stats of user at once.	10
Simple Beam	Normal	Status	0	100	15	Changes target's ability to Simple.	0
Sing	Normal	Status	0	55	15	Puts opponent to sleep.	100
Sinister Arrow Raid	Ghost	Physical	180	0	1	Decidueye-exclusive Z-Move.	0
Sizzly Slide	Fire	Physical	90	100	15	Burns the opponent.	0
Sketch	Normal	Status	0	0	1	Permanently copies the opponent's last move.	0
Skill Swap	Psychic	Status	0	0	10	The user swaps Abilities with the opponent.	0
Skull Bash	Normal	Physical	130	100	10	Raises Defense on first turn, attacks on second.	100
Sky Attack	Flying	Physical	140	90	5	Charges on first turn, attacks on second. May cause flinching.	30
Sky Drop	Flying	Physical	60	100	10	Takes opponent into the air on first turn, drops them on second turn.	0
Sky Uppercut	Fighting	Physical	85	90	15	Hits the opponent, even during Fly.	0
Slack Off	Normal	Status	0	0	10	User recovers half its max HP.	0
Slam	Normal	Physical	80	75	20		0
Slash	Normal	Physical	70	100	20	High critical hit ratio.	0
Sleep Powder	Grass	Status	0	75	15	Puts opponent to sleep.	0
Sleep Talk	Normal	Status	0	0	10	User performs one of its own moves while sleeping.	0
Sludge	Poison	Special	65	100	20	May poison opponent.	30
Sludge Bomb	Poison	Special	90	100	10	May poison opponent.	30
Sludge Wave	Poison	Special	95	100	10	May poison opponent.	10
Smack Down	Rock	Physical	50	100	15	Makes Flying-type Pokémon vulnerable to Ground moves.	0
Smart Strike	Steel	Physical	70	0	10	The user stabs the target with a sharp horn. This attack never misses.	0
Smelling Salts	Normal	Physical	70	100	10	Power doubles if opponent is paralyzed, but cures it.	0
Smog	Poison	Special	30	70	20	May poison opponent.	40
Smokescreen	Normal	Status	0	100	20	Lowers opponent's Accuracy.	0
Snarl	Dark	Special	55	95	15	Lowers opponent's Special Attack.	100
Snatch	Dark	Status	0	0	10	Steals the effects of the opponent's next move.	0
Snore	Normal	Special	50	100	15	Can only be used if asleep. May cause flinching.	30
Soak	Water	Status	0	100	20	Changes the target's type to water.	0
Soft-Boiled	Normal	Status	0	0	10	User recovers half its max HP.	0
Solar Beam	Grass	Special	120	100	10	Charges on first turn, attacks on second.	0
Solar Blade	Grass	Physical	125	100	10	Charges on first turn, attacks on second.	0
Sonic Boom	Normal	Special	0	90	20	Always inflicts 20 HP.	0
Soul-Stealing 7-Star Strike	Ghost	Physical	195	0	1	Marshadow-exclusive Z-Move.	0
Spacial Rend	Dragon	Special	100	95	5	High critical hit ratio.	0
Spark	Electric	Physical	65	100	20	May paralyze opponent.	30
Sparkling Aria	Water	Special	90	100	10	Heals the burns of its target.	0
Sparkly Swirl	Fairy	Special	90	100	15	Cures all status problems in the party Pokémon.	0
Spectral Thief	Ghost	Physical	90	100	10	The user hides in the target's shadow, steals the target's stat boosts, and then attacks.	0
Speed Swap	Psychic	Status	0	0	10	The user exchanges Speed stats with the target.	0
Spider Web	Bug	Status	0	0	10	Opponent cannot escape/switch.	0
Spike Cannon	Normal	Physical	20	100	15	Hits 2-5 times in one turn.	0
Spikes	Ground	Status	0	0	20	Hurts opponents when they switch into battle.	0
Spiky Shield	Grass	Status	0	0	10	Protects the user and inflicts damage on contact.	0
Spirit Shackle	Ghost	Physical	80	100	10	Prevents the opponent switching out.	0
Spit Up	Normal	Special	0	100	10	Power depends on how many times the user performed Stockpile.	0
Spite	Ghost	Status	0	100	10	The opponent's last move loses 2-5 PP.	0
Splash	Normal	Status	0	0	40	Doesn't do ANYTHING.	0
Splintered Stormshards	Rock	Physical	190	0	1	Lycanroc-exclusive Z-Move.	0
Splishy Splash	Water	Special	90	100	15	May paralyze opponent.	30
Spore	Grass	Status	0	100	15	Puts opponent to sleep.	100
Spotlight	Normal	Status	0	0	15	The user shines a spotlight on the target so that only the target will be attacked during the turn.	0
Stealth Rock	Rock	Status	0	0	20	Damages opponent switching into battle.	0
Steam Eruption	Water	Special	110	95	5	May burn opponent.	30
Steamroller	Bug	Physical	65	100	20	May cause flinching.	30
Steel Wing	Steel	Physical	70	90	25	May raise user's Defense.	10
Sticky Web	Bug	Status	0	0	20	Lowers opponent's Speed when switching into battle.	0
Stockpile	Normal	Status	0	0	20	Stores energy for use with Spit Up and Swallow.	0
Stoked Sparksurfer	Electric	Special	175	0	1	Alolan Raichu-exclusive Electric type Z-Move.	0
Stomp	Normal	Physical	65	100	20	May cause flinching.	30
Stomping Tantrum	Ground	Physical	75	100	10	Driven by frustration, the user attacks the target. If the user's previous move has failed, the power of this move doubles.	0
Stone Edge	Rock	Physical	100	80	5	High critical hit ratio.	0
Stored Power	Psychic	Special	20	100	10	Power increases when user's stats have been raised.	0
Storm Throw	Fighting	Physical	60	100	10	Always results in a critical hit.	0
Strength	Normal	Physical	80	100	15		0
Strength Sap	Grass	Status	0	100	10	The user restores its HP by the same amount as the target's Attack stat. It also lowers the target's Attack stat.	0
String Shot	Bug	Status	0	95	40	Sharply lowers opponent's Speed.	0
Struggle	Normal	Physical	50	100	—	Only usable when all PP are gone. Hurts the user.	0
Struggle Bug	Bug	Special	50	100	20	Lowers opponent's Special Attack.	100
Stun Spore	Grass	Status	0	75	30	Paralyzes opponent.	0
Submission	Fighting	Physical	80	80	20	User receives recoil damage.	0
Substitute	Normal	Status	0	0	10	Uses HP to creates a decoy that takes hits.	0
Subzero Slammer	Ice	Special	0	0	1	Ice type Z-Move.	0
Sucker Punch	Dark	Physical	70	100	5	User attacks first, but only works if opponent is readying an attack.	0
Sunny Day	Fire	Status	0	0	5	Makes it sunny for 5 turns.	0
Sunsteel Strike	Steel	Physical	100	100	5	Ignores the target's ability.	0
Super Fang	Normal	Physical	0	90	10	Always takes off half of the opponent's HP.	0
Superpower	Fighting	Physical	120	100	5	Lowers user's Attack and Defense.	0
Supersonic	Normal	Status	0	55	20	Confuses opponent.	0
Supersonic Skystrike	Flying	Special	0	0	1	Flying type Z-Move.	0
Surf	Water	Special	90	100	15	Hits all adjacent Pokémon.	0
Swagger	Normal	Status	0	85	15	Opponent becomes confused, but its Attack is sharply raised.	0
Swallow	Normal	Status	0	0	10	The more times the user has performed Stockpile, the more HP is recovered.	0
Sweet Kiss	Fairy	Status	0	75	10	Confuses opponent.	0
Sweet Scent	Normal	Status	0	0	20	Lowers opponent's Evasiveness.	0
Swift	Normal	Special	60	∞	20	Ignores Accuracy and Evasiveness.	0
Switcheroo	Dark	Status	0	100	15	Swaps held items with the opponent.	0
Swords Dance	Normal	Status	0	0	20	Sharply raises user's Attack.	0
Synchronoise	Psychic	Special	120	100	15	Hits any Pokémon that shares a type with the user.	0
Synthesis	Grass	Status	0	0	5	User recovers HP. Amount varies with the weather.	0
Tackle	Normal	Physical	40	100	35		0
Tail Glow	Bug	Status	0	0	20	Drastically raises user's Special Attack.	0
Tail Slap	Normal	Physical	25	85	10	Hits 2-5 times in one turn.	0
Tail Whip	Normal	Status	0	100	30	Lowers opponent's Defense.	0
Tailwind	Flying	Status	0	0	30	Doubles Speed for 4 turns.	0
Take Down	Normal	Physical	90	85	20	User receives recoil damage.	0
Taunt	Dark	Status	0	100	20	Opponent can only use moves that attack.	0
Tearful Look	Normal	Status	0	0	20	The user gets teary eyed to make the target lose its combative spirit. This lowers the target's Attack and Sp. Atk stats.	0
Techno Blast	Normal	Special	120	100	5	Type depends on the Drive being held.	0
Tectonic Rage	Ground	Special	0	0	1	Ground type Z-Move.	0
Teeter Dance	Normal	Status	0	100	20	Confuses all Pokémon.	0
Telekinesis	Psychic	Status	0	0	15	Ignores opponent's Evasiveness for three turns, add Ground immunity.	0
Teleport	Psychic	Status	0	0	20	Allows user to flee wild battles; also warps player to last PokéCenter.	0
Thief	Dark	Physical	60	100	25	Also steals opponent's held item.	0
Thousand Arrows	Ground	Physical	90	100	10	Makes Flying-type Pokémon vulnerable to Ground moves.	0
Thousand Waves	Ground	Physical	90	100	10	Opponent cannot flee or switch.	0
Thrash	Normal	Physical	120	100	10	User attacks for 2-3 turns but then becomes confused.	0
Throat Chop	Dark	Physical	80	100	15	Prevents use of sound moves for two turns.	0
Thunder	Electric	Special	110	70	10	May paralyze opponent.	30
Thunder Fang	Electric	Physical	65	95	15	May cause flinching and/or paralyze opponent.	10
Thunder Punch	Electric	Physical	75	100	15	May paralyze opponent.	10
Thunder Shock	Electric	Special	40	100	30	May paralyze opponent.	10
Thunder Wave	Electric	Status	0	90	20	Paralyzes opponent.	100
Thunderbolt	Electric	Special	90	100	15	May paralyze opponent.	10
Tickle	Normal	Status	0	100	20	Lowers opponent's Attack and Defense.	0
Topsy-Turvy	Dark	Status	0	0	20	Reverses stat changes of opponent.	0
Torment	Dark	Status	0	100	15	Opponent cannot use the same move in a row.	0
Toxic	Poison	Status	0	90	10	Badly poisons opponent.	0
Toxic Spikes	Poison	Status	0	0	20	Poisons opponents when they switch into battle.	0
Toxic Thread	Poison	Status	0	100	20	The user shoots poisonous threads to poison the target and lower the target's Speed stat.	0
Transform	Normal	Status	0	0	10	User takes on the form and attacks of the opponent.	0
Tri Attack	Normal	Special	80	100	10	May paralyze, burn or freeze opponent.	20
Trick	Psychic	Status	0	100	10	Swaps held items with the opponent.	0
Trick Room	Psychic	Status	0	0	5	Slower Pokémon move first in the turn for 5 turns.	0
Trick-or-Treat	Ghost	Status	0	100	20	Adds Ghost type to opponent.	0
Triple Kick	Fighting	Physical	10	90	10	Hits thrice in one turn at increasing power.	0
Trop Kick	Grass	Physical	70	100	15	Lowers opponent's Attack.	0
Trump Card	Normal	Special	0	∞	5	The lower the PP, the higher the power.	0
Twineedle	Bug	Physical	25	100	20	Hits twice in one turn. May poison opponent.	20
Twinkle Tackle	Fairy	Special	0	0	1	Fairy type Z-Move.	0
Twister	Dragon	Special	40	100	20	May cause flinching. Hits Pokémon using Fly/Bounce with double power.	20
U-turn	Bug	Physical	70	100	20	User switches out immediately after attacking.	0
Uproar	Normal	Special	90	100	10	User attacks for 3 turns and prevents sleep.	0
V-create	Fire	Physical	180	95	5	Lowers user's Defense, Special Defense and Speed.	100
Vacuum Wave	Fighting	Special	40	100	30	User attacks first.	0
Veevee Volley	Normal	Physical	0	∞	20	Power increases when player's bond is stronger.	0
Venom Drench	Poison	Status	0	100	20	Lowers poisoned opponent's Special Attack and Speed.	0
Venoshock	Poison	Special	65	100	10	Inflicts double damage if the target is poisoned.	0
Vice Grip	Normal	Physical	55	100	30		0
Vine Whip	Grass	Physical	45	100	25		0
Vital Throw	Fighting	Physical	70	∞	10	User attacks last, but ignores Accuracy and Evasiveness.	0
Volt Switch	Electric	Special	70	100	20	User must switch out after attacking.	0
Volt Tackle	Electric	Physical	120	100	15	User receives recoil damage. May paralyze opponent.	10
Wake-Up Slap	Fighting	Physical	70	100	10	Power doubles if opponent is asleep, but wakes it up.	0
Water Gun	Water	Special	40	100	25		0
Water Pledge	Water	Special	80	100	10	Added effects appear if preceded by Fire Pledge or succeeded by Grass Pledge.	0
Water Pulse	Water	Special	60	100	20	May confuse opponent.	20
Water Shuriken	Water	Special	15	100	20	Hits 2-5 times in one turn.	0
Water Sport	Water	Status	0	0	15	Weakens the power of Fire-type moves.	0
Water Spout	Water	Special	150	100	5	The higher the user's HP, the higher the damage caused.	0
Waterfall	Water	Physical	80	100	15	May cause flinching.	20
Weather Ball	Normal	Special	50	100	10	Move's power and type changes with the weather.	0
Whirlpool	Water	Special	35	85	15	Traps opponent, damaging them for 4-5 turns.	0
Whirlwind	Normal	Status	0	0	20	In battles, the opponent switches. In the wild, the Pokémon runs.	0
Wide Guard	Rock	Status	0	0	10	Protects the user's team from multi-target attacks.	0
Wild Charge	Electric	Physical	90	100	15	User receives recoil damage.	0
Will-O-Wisp	Fire	Status	0	85	15	Burns opponent.	100
Wing Attack	Flying	Physical	60	100	35		0
Wish	Normal	Status	0	0	10	The user recovers HP in the following turn.	0
Withdraw	Water	Status	0	0	40	Raises user's Defense.	0
Wonder Room	Psychic	Status	0	0	10	Swaps every Pokémon's Defense and Special Defense for 5 turns.	0
Wood Hammer	Grass	Physical	120	100	15	User receives recoil damage.	0
Work Up	Normal	Status	0	0	30	Raises user's Attack and Special Attack.	0
Worry Seed	Grass	Status	0	100	10	Changes the opponent's Ability to Insomnia.	0
Wrap	Normal	Physical	15	90	20	Traps opponent, damaging them for 4-5 turns.	0
Wring Out	Normal	Special	0	100	5	The higher the opponent's HP, the higher the damage.	0
X-Scissor	Bug	Physical	80	100	15		0
Yawn	Normal	Status	0	0	10	Puts opponent to sleep in the next turn.	0
Zap Cannon	Electric	Special	120	50	5	Paralyzes opponent.	100
Zen Headbutt	Psychic	Physical	80	90	15	May cause flinching.	20
Zing Zap	Electric	Physical	80	100	10	A strong electric blast crashes down on the target, giving it an electric shock. This may also make the target flinch.	0
Zippy Zap	Electric	Physical	50	100	15	High critical-hit ratio.	0
